,fname1,fname2,nnodes_network1,nnodes_network2,nleaves_network1,nleaves_network2,ntransfers_network1,ntransfers_network2,runtime
0,network_4900.gr,network_4900.gr,63,63,29,29,3,3,0.0016918182373046
1,network_4900.gr,network_4906.gr,63,63,29,29,3,3,0.0032575130462646
2,network_4900.gr,network_3715.gr,63,63,29,29,3,3,0.0040555000305175
3,network_4900.gr,network_2335.gr,63,63,29,29,3,3,0.0032732486724853
4,network_19953.gr,network_19953.gr,103,103,39,39,13,13,0.0173738002777099
5,network_19953.gr,network_21163.gr,103,103,39,39,13,13,0.947166919708252
6,network_19953.gr,network_17471.gr,103,103,39,39,13,13,4.145017385482788
7,network_19953.gr,network_20072.gr,103,103,39,39,13,13,4.265288591384888
8,network_19953.gr,network_15242.gr,103,103,39,39,13,13,0.4131951332092285
9,network_19953.gr,network_19152.gr,103,103,39,39,13,13,1.2526216506958008
10,network_19953.gr,network_17438.gr,103,103,39,39,13,13,24.19513940811157
11,network_16201.gr,network_16201.gr,103,103,47,47,5,5,0.0027928352355957
12,network_16201.gr,network_14333.gr,103,103,47,47,5,5,0.0221462249755859
13,network_16201.gr,network_16271.gr,103,103,47,47,5,5,0.0356504917144775
14,network_16201.gr,network_12996.gr,103,103,47,47,5,5,0.1332175731658935
15,network_16201.gr,network_14450.gr,103,103,47,47,5,5,0.0670132637023925
16,network_16201.gr,network_15308.gr,103,103,47,47,5,5,0.0643587112426757
17,network_16201.gr,network_15735.gr,103,103,47,47,5,5,0.0133614540100097
18,network_21959.gr,network_21959.gr,103,103,35,35,17,17,0.2917752265930176
19,network_21959.gr,network_19918.gr,103,103,35,35,17,17,3.548360586166382
20,network_21959.gr,network_17587.gr,103,103,35,35,17,17,0.4933991432189941
21,network_21959.gr,network_20898.gr,103,103,35,35,17,17,2.231844902038574
22,network_21959.gr,network_20564.gr,103,103,35,35,17,17,11.434934139251707
23,network_19083.gr,network_19083.gr,103,103,41,41,11,11,0.007791519165039
24,network_19083.gr,network_18546.gr,103,103,41,41,11,11,2.0050477981567383
25,network_10691.gr,network_10691.gr,63,63,20,20,12,12,0.008371353149414
26,network_10691.gr,network_6188.gr,63,63,20,20,12,12,0.0145454406738281
27,network_10691.gr,network_9235.gr,63,63,20,20,12,12,0.0277433395385742
28,network_2544.gr,network_2544.gr,63,63,30,30,2,2,0.0018234252929687
29,network_2544.gr,network_2273.gr,63,63,30,30,2,2,0.0036196708679199
30,network_2544.gr,network_3407.gr,63,63,30,30,2,2,0.0056169033050537
31,network_2544.gr,network_5211.gr,63,63,30,30,2,2,0.0040409564971923
32,network_2544.gr,network_1335.gr,63,63,30,30,2,2,0.0034437179565429
33,network_2544.gr,network_19746.gr,63,103,30,30,2,22,0.0747187137603759
34,network_9329.gr,network_9329.gr,63,63,22,22,10,10,0.0034847259521484
35,network_9329.gr,network_5777.gr,63,63,22,22,10,10,0.0077009201049804
36,network_9329.gr,network_6342.gr,63,63,22,22,10,10,0.1492531299591064
37,network_9329.gr,network_6407.gr,63,63,22,22,10,10,0.0694704055786132
38,network_9329.gr,network_7414.gr,63,63,22,22,10,10,0.0674595832824707
39,network_9329.gr,network_10922.gr,63,63,22,22,10,10,0.0318801403045654
40,network_9329.gr,network_10879.gr,63,63,22,22,10,10,0.0174143314361572
41,network_9329.gr,network_9901.gr,63,63,22,22,10,10,0.031893253326416
42,network_8127.gr,network_8127.gr,63,63,24,24,8,8,0.002234935760498
43,network_8127.gr,network_8934.gr,63,63,24,24,8,8,0.0203056335449218
44,network_8127.gr,network_7364.gr,63,63,24,24,8,8,0.010843276977539
45,network_5777.gr,network_9329.gr,63,63,22,22,10,10,0.0025722980499267
46,network_5777.gr,network_5777.gr,63,63,22,22,10,10,0.0042362213134765
47,network_5777.gr,network_6342.gr,63,63,22,22,10,10,0.0113904476165771
48,network_5777.gr,network_6407.gr,63,63,22,22,10,10,0.0083236694335937
49,network_5777.gr,network_7414.gr,63,63,22,22,10,10,0.0025482177734375
50,network_5777.gr,network_10922.gr,63,63,22,22,10,10,0.0026085376739501
51,network_5777.gr,network_10879.gr,63,63,22,22,10,10,0.0025572776794433
52,network_5777.gr,network_9901.gr,63,63,22,22,10,10,0.0077874660491943
53,network_6342.gr,network_9329.gr,63,63,22,22,10,10,0.1580581665039062
54,network_6342.gr,network_5777.gr,63,63,22,22,10,10,0.0201542377471923
55,network_6342.gr,network_6342.gr,63,63,22,22,10,10,0.0032656192779541
56,network_6342.gr,network_6407.gr,63,63,22,22,10,10,0.0783922672271728
57,network_6342.gr,network_7414.gr,63,63,22,22,10,10,0.0376555919647216
58,network_6342.gr,network_10922.gr,63,63,22,22,10,10,0.0344777107238769
59,network_6342.gr,network_10879.gr,63,63,22,22,10,10,0.0347163677215576
60,network_6342.gr,network_9901.gr,63,63,22,22,10,10,0.0522937774658203
61,network_15438.gr,network_15438.gr,103,103,50,50,2,2,0.0030431747436523
62,network_15438.gr,network_11843.gr,103,103,50,50,2,2,0.0091485977172851
63,network_15438.gr,network_12997.gr,103,103,50,50,2,2,0.0081923007965087
64,network_15438.gr,network_11455.gr,103,103,50,50,2,2,0.0067391395568847
65,network_15438.gr,network_14263.gr,103,103,50,50,2,2,0.0062932968139648
66,network_15438.gr,network_13408.gr,103,103,50,50,2,2,0.0073282718658447
67,network_16.gr,network_16.gr,63,63,32,32,0,0,0.0016207695007324
68,network_16.gr,network_4933.gr,63,63,32,32,0,0,0.0034852027893066
69,network_16.gr,network_1962.gr,63,63,32,32,0,0,0.0031321048736572
70,network_16.gr,network_874.gr,63,63,32,32,0,0,0.0027391910552978
71,network_6046.gr,network_6046.gr,63,63,21,21,11,11,0.005450963973999
72,network_6046.gr,network_10978.gr,63,63,21,21,11,11,0.1436951160430908
73,network_6046.gr,network_9460.gr,63,63,21,21,11,11,0.0730741024017334
74,network_6046.gr,network_6071.gr,63,63,21,21,11,11,0.289055585861206
75,network_6046.gr,network_9061.gr,63,63,21,21,11,11,0.0708158016204834
76,network_13858.gr,network_13858.gr,103,103,43,43,9,9,0.0035276412963867
77,network_13858.gr,network_12063.gr,103,103,43,43,9,9,0.5216264724731445
78,network_13858.gr,network_21787.gr,103,103,43,43,9,9,0.0326213836669921
79,network_12063.gr,network_13858.gr,103,103,43,43,9,9,0.510300874710083
80,network_12063.gr,network_12063.gr,103,103,43,43,9,9,0.0052266120910644
81,network_12063.gr,network_21787.gr,103,103,43,43,9,9,0.0656077861785888
82,network_20900.gr,network_20900.gr,103,103,33,33,19,19,1.0786809921264648
83,network_5745.gr,network_5745.gr,63,63,25,25,7,7,0.0034101009368896
84,network_5745.gr,network_10292.gr,63,63,25,25,7,7,0.0415940284729003
85,network_5745.gr,network_6061.gr,63,63,25,25,7,7,0.0131516456604003
86,network_5745.gr,network_6539.gr,63,63,25,25,7,7,0.0311095714569091
87,network_5745.gr,network_685.gr,63,63,25,25,7,7,0.0251297950744628
88,network_5745.gr,network_2057.gr,63,63,25,25,7,7,0.0210587978363037
89,network_5745.gr,network_7632.gr,63,63,25,25,7,7,0.057662010192871
90,network_5745.gr,network_6254.gr,63,63,25,25,7,7,0.0132014751434326
91,network_13723.gr,network_13723.gr,103,103,49,49,3,3,0.00408935546875
92,network_13723.gr,network_12430.gr,103,103,49,49,3,3,0.0066590309143066
93,network_2501.gr,network_2501.gr,63,63,28,28,4,4,0.0016493797302246
94,network_2501.gr,network_2513.gr,63,63,28,28,4,4,0.0114531517028808
95,network_2501.gr,network_2638.gr,63,63,28,28,4,4,0.0042915344238281
96,network_2501.gr,network_16888.gr,63,103,28,28,4,24,1.7254981994628906
97,network_2501.gr,network_2725.gr,63,63,28,28,4,4,0.0053191184997558
98,network_2501.gr,network_5183.gr,63,63,28,28,4,4,0.0131533145904541
99,network_2273.gr,network_2544.gr,63,63,30,30,2,2,0.0028309822082519
100,network_2273.gr,network_2273.gr,63,63,30,30,2,2,0.0015857219696044
101,network_2273.gr,network_3407.gr,63,63,30,30,2,2,0.0026092529296875
102,network_2273.gr,network_5211.gr,63,63,30,30,2,2,0.002509593963623
103,network_2273.gr,network_1335.gr,63,63,30,30,2,2,0.0025722980499267
104,network_2273.gr,network_19746.gr,63,103,30,30,2,22,0.0038716793060302
105,network_21851.gr,network_21851.gr,103,103,40,40,12,12,0.0096678733825683
106,network_21851.gr,network_19966.gr,103,103,40,40,12,12,0.0184016227722167
107,network_21851.gr,network_16878.gr,103,103,40,40,12,12,0.0473361015319824
108,network_21851.gr,network_20435.gr,103,103,40,40,12,12,0.0325493812561035
109,network_20720.gr,network_20720.gr,103,103,37,37,15,15,0.0594925880432128
110,network_20720.gr,network_18886.gr,103,103,37,37,15,15,0.1057898998260498
111,network_20720.gr,network_20770.gr,103,103,37,37,15,15,3.773897409439087
112,network_20720.gr,network_21002.gr,103,103,37,37,15,15,0.2190945148468017
113,network_20720.gr,network_17768.gr,103,103,37,37,15,15,68.72451400756836
114,network_20720.gr,network_20925.gr,103,103,37,37,15,15,1.8708078861236568
115,network_20720.gr,network_17955.gr,103,103,37,37,15,15,0.4365482330322265
116,network_18786.gr,network_18786.gr,103,103,42,42,10,10,0.0061044692993164
117,network_18786.gr,network_17969.gr,103,103,42,42,10,10,0.033276081085205
118,network_18786.gr,network_19926.gr,103,103,42,42,10,10,0.0302262306213378
119,network_18786.gr,network_13264.gr,103,103,42,42,10,10,0.0159628391265869
120,network_18786.gr,network_19521.gr,103,103,42,42,10,10,0.2178053855895996
121,network_21720.gr,network_21720.gr,103,103,38,38,14,14,0.0313282012939453
122,network_21720.gr,network_17507.gr,103,103,38,38,14,14,7.345084428787231
123,network_21720.gr,network_18969.gr,103,103,38,38,14,14,0.2280230522155761
124,network_10292.gr,network_5745.gr,63,63,25,25,7,7,0.0358908176422119
125,network_10292.gr,network_10292.gr,63,63,25,25,7,7,0.0019493103027343
126,network_10292.gr,network_6061.gr,63,63,25,25,7,7,0.0381000041961669
127,network_10292.gr,network_6539.gr,63,63,25,25,7,7,0.0195429325103759
128,network_10292.gr,network_685.gr,63,63,25,25,7,7,0.007326602935791
129,network_10292.gr,network_2057.gr,63,63,25,25,7,7,0.0063958168029785
130,network_10292.gr,network_7632.gr,63,63,25,25,7,7,0.0149338245391845
131,network_10292.gr,network_6254.gr,63,63,25,25,7,7,0.0065045356750488
132,network_17969.gr,network_18786.gr,103,103,42,42,10,10,0.0342898368835449
133,network_17969.gr,network_17969.gr,103,103,42,42,10,10,0.0039715766906738
134,network_17969.gr,network_19926.gr,103,103,42,42,10,10,0.0149199962615966
135,network_17969.gr,network_13264.gr,103,103,42,42,10,10,0.0110917091369628
136,network_17969.gr,network_19521.gr,103,103,42,42,10,10,2.067821502685547
137,network_12016.gr,network_12016.gr,103,103,45,45,7,7,0.0047440528869628
138,network_12016.gr,network_12068.gr,103,103,45,45,7,7,0.0100436210632324
139,network_12016.gr,network_16379.gr,103,103,45,45,7,7,0.0205645561218261
140,network_12016.gr,network_15733.gr,103,103,45,45,7,7,0.0142073631286621
141,network_12016.gr,network_15632.gr,103,103,45,45,7,7,0.0223658084869384
142,network_12016.gr,network_11006.gr,103,103,45,45,7,7,0.0070736408233642
143,network_12016.gr,network_16065.gr,103,103,45,45,7,7,0.0054323673248291
144,network_12016.gr,network_13287.gr,103,103,45,45,7,7,0.0149924755096435
145,network_15123.gr,network_15123.gr,103,103,48,48,4,4,0.0041773319244384
146,network_15123.gr,network_14706.gr,103,103,48,48,4,4,0.0084691047668457
147,network_15123.gr,network_11321.gr,103,103,48,48,4,4,0.011315107345581
148,network_15123.gr,network_14872.gr,103,103,48,48,4,4,0.0124344825744628
149,network_15123.gr,network_14516.gr,103,103,48,48,4,4,0.0190892219543457
150,network_15123.gr,network_15988.gr,103,103,48,48,4,4,0.010101318359375
151,network_15123.gr,network_13536.gr,103,103,48,48,4,4,0.0070734024047851
152,network_15123.gr,network_14217.gr,103,103,48,48,4,4,0.0177807807922363
153,network_15123.gr,network_13763.gr,103,103,48,48,4,4,0.0086791515350341
154,network_15123.gr,network_12275.gr,103,103,48,48,4,4,0.00809907913208
155,network_15123.gr,network_15195.gr,103,103,48,48,4,4,0.0108985900878906
156,network_15123.gr,network_14213.gr,103,103,48,48,4,4,0.0080714225769042
157,network_17507.gr,network_21720.gr,103,103,38,38,14,14,7.861323118209839
158,network_17507.gr,network_17507.gr,103,103,38,38,14,14,0.0295701026916503
159,network_17507.gr,network_18969.gr,103,103,38,38,14,14,40.63522219657898
160,network_14706.gr,network_15123.gr,103,103,48,48,4,4,0.0073864459991455
161,network_14706.gr,network_14706.gr,103,103,48,48,4,4,0.0042688846588134
162,network_14706.gr,network_11321.gr,103,103,48,48,4,4,0.0066969394683837
163,network_14706.gr,network_14872.gr,103,103,48,48,4,4,0.0061547756195068
164,network_14706.gr,network_14516.gr,103,103,48,48,4,4,0.0052793025970458
165,network_14706.gr,network_15988.gr,103,103,48,48,4,4,0.0053353309631347
166,network_14706.gr,network_13536.gr,103,103,48,48,4,4,0.0180480480194091
167,network_14706.gr,network_14217.gr,103,103,48,48,4,4,0.0060095787048339
168,network_14706.gr,network_13763.gr,103,103,48,48,4,4,0.0066142082214355
169,network_14706.gr,network_12275.gr,103,103,48,48,4,4,0.0054264068603515
170,network_14706.gr,network_15195.gr,103,103,48,48,4,4,0.0069131851196289
171,network_14706.gr,network_14213.gr,103,103,48,48,4,4,0.0060024261474609
172,network_4933.gr,network_16.gr,63,63,32,32,0,0,0.0033977031707763
173,network_4933.gr,network_4933.gr,63,63,32,32,0,0,0.0016353130340576
174,network_4933.gr,network_1962.gr,63,63,32,32,0,0,0.0026240348815917
175,network_4933.gr,network_874.gr,63,63,32,32,0,0,0.0026137828826904
176,network_21163.gr,network_19953.gr,103,103,39,39,13,13,0.938318967819214
177,network_21163.gr,network_21163.gr,103,103,39,39,13,13,0.0166335105895996
178,network_21163.gr,network_17471.gr,103,103,39,39,13,13,0.0413081645965576
179,network_21163.gr,network_20072.gr,103,103,39,39,13,13,0.8903822898864746
180,network_21163.gr,network_15242.gr,103,103,39,39,13,13,0.0565154552459716
181,network_21163.gr,network_19152.gr,103,103,39,39,13,13,0.2080371379852295
182,network_21163.gr,network_17438.gr,103,103,39,39,13,13,3.025745391845703
183,network_4906.gr,network_4900.gr,63,63,29,29,3,3,0.0034458637237548
184,network_4906.gr,network_4906.gr,63,63,29,29,3,3,0.0029077529907226
185,network_4906.gr,network_3715.gr,63,63,29,29,3,3,0.0050792694091796
186,network_4906.gr,network_2335.gr,63,63,29,29,3,3,0.0044507980346679
187,network_15779.gr,network_15779.gr,103,103,44,44,8,8,0.0038487911224365
188,network_15779.gr,network_12032.gr,103,103,44,44,8,8,0.0546982288360595
189,network_15779.gr,network_14702.gr,103,103,44,44,8,8,0.0138001441955566
190,network_15779.gr,network_19620.gr,103,103,44,44,8,8,0.0126581192016601
191,network_18886.gr,network_20720.gr,103,103,37,37,15,15,0.0828714370727539
192,network_18886.gr,network_18886.gr,103,103,37,37,15,15,0.0589370727539062
193,network_18886.gr,network_20770.gr,103,103,37,37,15,15,0.1695010662078857
194,network_18886.gr,network_21002.gr,103,103,37,37,15,15,0.1094963550567627
195,network_18886.gr,network_17768.gr,103,103,37,37,15,15,0.6906225681304932
196,network_18886.gr,network_20925.gr,103,103,37,37,15,15,0.0385949611663818
197,network_18886.gr,network_17955.gr,103,103,37,37,15,15,0.057241678237915
198,network_5432.gr,network_5432.gr,63,63,31,31,1,1,0.0017180442810058
199,network_5432.gr,network_1751.gr,63,63,31,31,1,1,0.0026702880859375
200,network_5432.gr,network_20973.gr,63,103,31,31,1,21,0.0068442821502685
201,network_1751.gr,network_5432.gr,63,63,31,31,1,1,0.0026156902313232
202,network_1751.gr,network_1751.gr,63,63,31,31,1,1,0.0015692710876464
203,network_1751.gr,network_20973.gr,63,103,31,31,1,21,0.0037386417388916
204,network_8934.gr,network_8127.gr,63,63,24,24,8,8,0.0213015079498291
205,network_8934.gr,network_8934.gr,63,63,24,24,8,8,0.0021388530731201
206,network_8934.gr,network_7364.gr,63,63,24,24,8,8,0.0053551197052001
207,network_19966.gr,network_21851.gr,103,103,40,40,12,12,0.0162632465362548
208,network_19966.gr,network_19966.gr,103,103,40,40,12,12,0.0085275173187255
209,network_19966.gr,network_16878.gr,103,103,40,40,12,12,0.0516910552978515
210,network_19966.gr,network_20435.gr,103,103,40,40,12,12,0.0063447952270507
211,network_11321.gr,network_15123.gr,103,103,48,48,4,4,0.0120747089385986
212,network_11321.gr,network_14706.gr,103,103,48,48,4,4,0.0070846080780029
213,network_11321.gr,network_11321.gr,103,103,48,48,4,4,0.0033466815948486
214,network_11321.gr,network_14872.gr,103,103,48,48,4,4,0.0209040641784667
215,network_11321.gr,network_14516.gr,103,103,48,48,4,4,0.0315163135528564
216,network_11321.gr,network_15988.gr,103,103,48,48,4,4,0.0149617195129394
217,network_11321.gr,network_13536.gr,103,103,48,48,4,4,0.0152232646942138
218,network_11321.gr,network_14217.gr,103,103,48,48,4,4,0.020172119140625
219,network_11321.gr,network_13763.gr,103,103,48,48,4,4,0.0096368789672851
220,network_11321.gr,network_12275.gr,103,103,48,48,4,4,0.007587194442749
221,network_11321.gr,network_15195.gr,103,103,48,48,4,4,0.0099396705627441
222,network_11321.gr,network_14213.gr,103,103,48,48,4,4,0.0074496269226074
223,network_19926.gr,network_18786.gr,103,103,42,42,10,10,0.0327551364898681
224,network_19926.gr,network_17969.gr,103,103,42,42,10,10,0.0170710086822509
225,network_19926.gr,network_19926.gr,103,103,42,42,10,10,0.0039043426513671
226,network_19926.gr,network_13264.gr,103,103,42,42,10,10,0.0632162094116211
227,network_19926.gr,network_19521.gr,103,103,42,42,10,10,0.2130186557769775
228,network_15778.gr,network_15778.gr,103,103,46,46,6,6,0.0028584003448486
229,network_15778.gr,network_16467.gr,103,103,46,46,6,6,0.0100328922271728
230,network_15778.gr,network_16124.gr,103,103,46,46,6,6,0.0053966045379638
231,network_15778.gr,network_16066.gr,103,103,46,46,6,6,0.0081667900085449
232,network_15778.gr,network_14377.gr,103,103,46,46,6,6,0.0116376876831054
233,network_15778.gr,network_13167.gr,103,103,46,46,6,6,0.0086259841918945
234,network_15778.gr,network_11883.gr,103,103,46,46,6,6,0.0093493461608886
235,network_14333.gr,network_16201.gr,103,103,47,47,5,5,0.0230937004089355
236,network_14333.gr,network_14333.gr,103,103,47,47,5,5,0.0027482509613037
237,network_14333.gr,network_16271.gr,103,103,47,47,5,5,0.0115537643432617
238,network_14333.gr,network_12996.gr,103,103,47,47,5,5,0.0488781929016113
239,network_14333.gr,network_14450.gr,103,103,47,47,5,5,0.0192828178405761
240,network_14333.gr,network_15308.gr,103,103,47,47,5,5,0.0198645591735839
241,network_14333.gr,network_15735.gr,103,103,47,47,5,5,0.0116596221923828
242,network_16467.gr,network_15778.gr,103,103,46,46,6,6,0.0086963176727294
243,network_16467.gr,network_16467.gr,103,103,46,46,6,6,0.0026099681854248
244,network_16467.gr,network_16124.gr,103,103,46,46,6,6,0.013859748840332
245,network_16467.gr,network_16066.gr,103,103,46,46,6,6,0.0221302509307861
246,network_16467.gr,network_14377.gr,103,103,46,46,6,6,0.019505500793457
247,network_16467.gr,network_13167.gr,103,103,46,46,6,6,0.0145156383514404
248,network_16467.gr,network_11883.gr,103,103,46,46,6,6,0.0123779773712158
249,network_2513.gr,network_2501.gr,63,63,28,28,4,4,0.0148355960845947
250,network_2513.gr,network_2513.gr,63,63,28,28,4,4,0.0016326904296875
251,network_2513.gr,network_2638.gr,63,63,28,28,4,4,0.0099334716796875
252,network_2513.gr,network_16888.gr,63,103,28,28,4,24,6.465551137924194
253,network_2513.gr,network_2725.gr,63,63,28,28,4,4,0.0061151981353759
254,network_2513.gr,network_5183.gr,63,63,28,28,4,4,0.0069103240966796
255,network_16878.gr,network_21851.gr,103,103,40,40,12,12,0.0296618938446044
256,network_16878.gr,network_19966.gr,103,103,40,40,12,12,0.0626814365386962
257,network_16878.gr,network_16878.gr,103,103,40,40,12,12,0.0099322795867919
258,network_16878.gr,network_20435.gr,103,103,40,40,12,12,0.0216155052185058
259,network_17471.gr,network_19953.gr,103,103,39,39,13,13,4.097285270690918
260,network_17471.gr,network_21163.gr,103,103,39,39,13,13,0.0440902709960937
261,network_17471.gr,network_17471.gr,103,103,39,39,13,13,0.0166535377502441
262,network_17471.gr,network_20072.gr,103,103,39,39,13,13,0.0893256664276123
263,network_17471.gr,network_15242.gr,103,103,39,39,13,13,0.0297019481658935
264,network_17471.gr,network_19152.gr,103,103,39,39,13,13,0.053208589553833
265,network_17471.gr,network_17438.gr,103,103,39,39,13,13,8.05134105682373
266,network_3407.gr,network_2544.gr,63,63,30,30,2,2,0.0059266090393066
267,network_3407.gr,network_2273.gr,63,63,30,30,2,2,0.005629539489746
268,network_3407.gr,network_3407.gr,63,63,30,30,2,2,0.0017826557159423
269,network_3407.gr,network_5211.gr,63,63,30,30,2,2,0.0032832622528076
270,network_3407.gr,network_1335.gr,63,63,30,30,2,2,0.0044281482696533
271,network_3407.gr,network_19746.gr,63,103,30,30,2,22,0.0173120498657226
272,network_2638.gr,network_2501.gr,63,63,28,28,4,4,0.0039131641387939
273,network_2638.gr,network_2513.gr,63,63,28,28,4,4,0.0050387382507324
274,network_2638.gr,network_2638.gr,63,63,28,28,4,4,0.0030760765075683
275,network_2638.gr,network_16888.gr,63,103,28,28,4,24,0.2393467426300048
276,network_2638.gr,network_2725.gr,63,63,28,28,4,4,0.0047237873077392
277,network_2638.gr,network_5183.gr,63,63,28,28,4,4,0.0050420761108398
278,network_4240.gr,network_4240.gr,63,63,27,27,5,5,0.0017199516296386
279,network_4240.gr,network_1884.gr,63,63,27,27,5,5,0.0050263404846191
280,network_4240.gr,network_208.gr,63,63,27,27,5,5,0.0061979293823242
281,network_4240.gr,network_1603.gr,63,63,27,27,5,5,0.0430760383605957
282,network_4240.gr,network_5945.gr,63,63,27,27,5,5,0.0065793991088867
283,network_16124.gr,network_15778.gr,103,103,46,46,6,6,0.0119054317474365
284,network_16124.gr,network_16467.gr,103,103,46,46,6,6,0.0140109062194824
285,network_16124.gr,network_16124.gr,103,103,46,46,6,6,0.0026259422302246
286,network_16124.gr,network_16066.gr,103,103,46,46,6,6,0.0139470100402832
287,network_16124.gr,network_14377.gr,103,103,46,46,6,6,0.013700246810913
288,network_16124.gr,network_13167.gr,103,103,46,46,6,6,0.0092246532440185
289,network_16124.gr,network_11883.gr,103,103,46,46,6,6,0.0119929313659667
290,network_11843.gr,network_15438.gr,103,103,50,50,2,2,0.0054311752319335
291,network_11843.gr,network_11843.gr,103,103,50,50,2,2,0.0035316944122314
292,network_11843.gr,network_12997.gr,103,103,50,50,2,2,0.0065488815307617
293,network_11843.gr,network_11455.gr,103,103,50,50,2,2,0.005183458328247
294,network_11843.gr,network_14263.gr,103,103,50,50,2,2,0.0069034099578857
295,network_11843.gr,network_13408.gr,103,103,50,50,2,2,0.0058767795562744
296,network_6061.gr,network_5745.gr,63,63,25,25,7,7,0.0048084259033203
297,network_6061.gr,network_10292.gr,63,63,25,25,7,7,0.0416116714477539
298,network_6061.gr,network_6061.gr,63,63,25,25,7,7,0.0019614696502685
299,network_6061.gr,network_6539.gr,63,63,25,25,7,7,0.0457198619842529
300,network_6061.gr,network_685.gr,63,63,25,25,7,7,0.0213606357574462
301,network_6061.gr,network_2057.gr,63,63,25,25,7,7,0.0233461856842041
302,network_6061.gr,network_7632.gr,63,63,25,25,7,7,0.0026342868804931
303,network_6061.gr,network_6254.gr,63,63,25,25,7,7,0.0111696720123291
304,network_12032.gr,network_15779.gr,103,103,44,44,8,8,0.0652825832366943
305,network_12032.gr,network_12032.gr,103,103,44,44,8,8,0.0030601024627685
306,network_12032.gr,network_14702.gr,103,103,44,44,8,8,0.1191182136535644
307,network_12032.gr,network_19620.gr,103,103,44,44,8,8,0.0645198822021484
308,network_20072.gr,network_19953.gr,103,103,39,39,13,13,3.971436500549317
309,network_20072.gr,network_21163.gr,103,103,39,39,13,13,0.9450418949127196
310,network_20072.gr,network_17471.gr,103,103,39,39,13,13,0.2108163833618164
311,network_20072.gr,network_20072.gr,103,103,39,39,13,13,0.0166079998016357
312,network_20072.gr,network_15242.gr,103,103,39,39,13,13,0.4822936058044433
313,network_20072.gr,network_19152.gr,103,103,39,39,13,13,0.7063074111938477
314,network_20072.gr,network_17438.gr,103,103,39,39,13,13,8.075034618377686
315,network_18601.gr,network_18601.gr,103,103,34,34,18,18,0.5695526599884033
316,network_12068.gr,network_12016.gr,103,103,45,45,7,7,0.0132315158843994
317,network_12068.gr,network_12068.gr,103,103,45,45,7,7,0.0027632713317871
318,network_12068.gr,network_16379.gr,103,103,45,45,7,7,0.0184712409973144
319,network_12068.gr,network_15733.gr,103,103,45,45,7,7,0.0638620853424072
320,network_12068.gr,network_15632.gr,103,103,45,45,7,7,0.1286787986755371
321,network_12068.gr,network_11006.gr,103,103,45,45,7,7,0.0234601497650146
322,network_12068.gr,network_16065.gr,103,103,45,45,7,7,0.0107159614562988
323,network_12068.gr,network_13287.gr,103,103,45,45,7,7,0.1411354541778564
324,network_16271.gr,network_16201.gr,103,103,47,47,5,5,0.0219411849975585
325,network_16271.gr,network_14333.gr,103,103,47,47,5,5,0.0102319717407226
326,network_16271.gr,network_16271.gr,103,103,47,47,5,5,0.0040974617004394
327,network_16271.gr,network_12996.gr,103,103,47,47,5,5,0.0879850387573242
328,network_16271.gr,network_14450.gr,103,103,47,47,5,5,0.0226030349731445
329,network_16271.gr,network_15308.gr,103,103,47,47,5,5,0.0082929134368896
330,network_16271.gr,network_15735.gr,103,103,47,47,5,5,0.0061385631561279
331,network_12996.gr,network_16201.gr,103,103,47,47,5,5,0.1497726440429687
332,network_12996.gr,network_14333.gr,103,103,47,47,5,5,0.0379884243011474
333,network_12996.gr,network_16271.gr,103,103,47,47,5,5,0.0761706829071044
334,network_12996.gr,network_12996.gr,103,103,47,47,5,5,0.0045821666717529
335,network_12996.gr,network_14450.gr,103,103,47,47,5,5,0.0697336196899414
336,network_12996.gr,network_15308.gr,103,103,47,47,5,5,0.0205562114715576
337,network_12996.gr,network_15735.gr,103,103,47,47,5,5,0.0142111778259277
338,network_20770.gr,network_20720.gr,103,103,37,37,15,15,3.9224112033844
339,network_20770.gr,network_18886.gr,103,103,37,37,15,15,0.2379615306854248
340,network_20770.gr,network_20770.gr,103,103,37,37,15,15,0.0748054981231689
341,network_20770.gr,network_21002.gr,103,103,37,37,15,15,0.5543584823608398
342,network_20770.gr,network_17768.gr,103,103,37,37,15,15,36.00108528137207
343,network_20770.gr,network_20925.gr,103,103,37,37,15,15,1.0028679370880127
344,network_20770.gr,network_17955.gr,103,103,37,37,15,15,0.5620315074920654
345,network_18857.gr,network_18857.gr,103,103,36,36,16,16,0.1267929077148437
346,network_18857.gr,network_20433.gr,103,103,36,36,16,16,8.691909074783325
347,network_18857.gr,network_20781.gr,103,103,36,36,16,16,0.9785494804382324
348,network_18857.gr,network_20229.gr,103,103,36,36,16,16,0.1191291809082031
349,network_16379.gr,network_12016.gr,103,103,45,45,7,7,0.0405714511871337
350,network_16379.gr,network_12068.gr,103,103,45,45,7,7,0.0181834697723388
351,network_16379.gr,network_16379.gr,103,103,45,45,7,7,0.0033643245697021
352,network_16379.gr,network_15733.gr,103,103,45,45,7,7,0.0382258892059326
353,network_16379.gr,network_15632.gr,103,103,45,45,7,7,0.0446951389312744
354,network_16379.gr,network_11006.gr,103,103,45,45,7,7,0.048861026763916
355,network_16379.gr,network_16065.gr,103,103,45,45,7,7,0.0235822200775146
356,network_16379.gr,network_13287.gr,103,103,45,45,7,7,0.0380105972290039
357,network_4244.gr,network_4244.gr,63,63,26,26,6,6,0.0032806396484375
358,network_4244.gr,network_5770.gr,63,63,26,26,6,6,0.0149579048156738
359,network_4244.gr,network_10044.gr,63,63,26,26,6,6,0.0122809410095214
360,network_12997.gr,network_15438.gr,103,103,50,50,2,2,0.0096440315246582
361,network_12997.gr,network_11843.gr,103,103,50,50,2,2,0.006617784500122
362,network_12997.gr,network_12997.gr,103,103,50,50,2,2,0.0028185844421386
363,network_12997.gr,network_11455.gr,103,103,50,50,2,2,0.009639024734497
364,network_12997.gr,network_14263.gr,103,103,50,50,2,2,0.0068495273590087
365,network_12997.gr,network_13408.gr,103,103,50,50,2,2,0.0090548992156982
366,network_14872.gr,network_15123.gr,103,103,48,48,4,4,0.0138843059539794
367,network_14872.gr,network_14706.gr,103,103,48,48,4,4,0.0092856884002685
368,network_14872.gr,network_11321.gr,103,103,48,48,4,4,0.0265474319458007
369,network_14872.gr,network_14872.gr,103,103,48,48,4,4,0.0038685798645019
370,network_14872.gr,network_14516.gr,103,103,48,48,4,4,0.0439028739929199
371,network_14872.gr,network_15988.gr,103,103,48,48,4,4,0.0113425254821777
372,network_14872.gr,network_13536.gr,103,103,48,48,4,4,0.0219025611877441
373,network_14872.gr,network_14217.gr,103,103,48,48,4,4,0.0442547798156738
374,network_14872.gr,network_13763.gr,103,103,48,48,4,4,0.0121650695800781
375,network_14872.gr,network_12275.gr,103,103,48,48,4,4,0.0104458332061767
376,network_14872.gr,network_15195.gr,103,103,48,48,4,4,0.0148069858551025
377,network_14872.gr,network_14213.gr,103,103,48,48,4,4,0.0081992149353027
378,network_19918.gr,network_21959.gr,103,103,35,35,17,17,4.0136778354644775
379,network_19918.gr,network_19918.gr,103,103,35,35,17,17,0.2652931213378906
380,network_19918.gr,network_17587.gr,103,103,35,35,17,17,19.241984128952023
381,network_19918.gr,network_20898.gr,103,103,35,35,17,17,34.4300217628479
382,network_19918.gr,network_20564.gr,103,103,35,35,17,17,171.16449403762817
383,network_10978.gr,network_6046.gr,63,63,21,21,11,11,0.1659383773803711
384,network_10978.gr,network_10978.gr,63,63,21,21,11,11,0.0053775310516357
385,network_10978.gr,network_9460.gr,63,63,21,21,11,11,0.079380989074707
386,network_10978.gr,network_6071.gr,63,63,21,21,11,11,0.815575361251831
387,network_10978.gr,network_9061.gr,63,63,21,21,11,11,0.60235595703125
388,network_6407.gr,network_9329.gr,63,63,22,22,10,10,0.0787863731384277
389,network_6407.gr,network_5777.gr,63,63,22,22,10,10,0.0125136375427246
390,network_6407.gr,network_6342.gr,63,63,22,22,10,10,0.072228193283081
391,network_6407.gr,network_6407.gr,63,63,22,22,10,10,0.0032858848571777
392,network_6407.gr,network_7414.gr,63,63,22,22,10,10,0.0909869670867919
393,network_6407.gr,network_10922.gr,63,63,22,22,10,10,0.0104703903198242
394,network_6407.gr,network_10879.gr,63,63,22,22,10,10,0.1012575626373291
395,network_6407.gr,network_9901.gr,63,63,22,22,10,10,0.0847606658935546
396,network_9383.gr,network_9383.gr,63,63,16,16,16,16,0.1692345142364502
397,network_10519.gr,network_10519.gr,63,63,18,18,14,14,0.0383915901184082
398,network_15733.gr,network_12016.gr,103,103,45,45,7,7,0.0286853313446044
399,network_15733.gr,network_12068.gr,103,103,45,45,7,7,0.0767345428466796
400,network_15733.gr,network_16379.gr,103,103,45,45,7,7,0.0415239334106445
401,network_15733.gr,network_15733.gr,103,103,45,45,7,7,0.0046637058258056
402,network_15733.gr,network_15632.gr,103,103,45,45,7,7,0.1343488693237304
403,network_15733.gr,network_11006.gr,103,103,45,45,7,7,0.0341155529022216
404,network_15733.gr,network_16065.gr,103,103,45,45,7,7,0.0094830989837646
405,network_15733.gr,network_13287.gr,103,103,45,45,7,7,0.0087690353393554
406,network_20973.gr,network_5432.gr,103,63,31,31,21,1,0.0269153118133544
407,network_20973.gr,network_1751.gr,103,63,31,31,21,1,0.04274582862854
408,network_20973.gr,network_20973.gr,103,103,31,31,21,21,5.591465950012207
409,network_14516.gr,network_15123.gr,103,103,48,48,4,4,0.0257997512817382
410,network_14516.gr,network_14706.gr,103,103,48,48,4,4,0.0116839408874511
411,network_14516.gr,network_11321.gr,103,103,48,48,4,4,0.0281260013580322
412,network_14516.gr,network_14872.gr,103,103,48,48,4,4,0.0507261753082275
413,network_14516.gr,network_14516.gr,103,103,48,48,4,4,0.004800796508789
414,network_14516.gr,network_15988.gr,103,103,48,48,4,4,0.0219993591308593
415,network_14516.gr,network_13536.gr,103,103,48,48,4,4,0.0314781665802001
416,network_14516.gr,network_14217.gr,103,103,48,48,4,4,0.0932850837707519
417,network_14516.gr,network_13763.gr,103,103,48,48,4,4,0.0193977355957031
418,network_14516.gr,network_12275.gr,103,103,48,48,4,4,0.017836570739746
419,network_14516.gr,network_15195.gr,103,103,48,48,4,4,0.0263559818267822
420,network_14516.gr,network_14213.gr,103,103,48,48,4,4,0.010068655014038
421,network_6539.gr,network_5745.gr,63,63,25,25,7,7,0.0229542255401611
422,network_6539.gr,network_10292.gr,63,63,25,25,7,7,0.0259544849395751
423,network_6539.gr,network_6061.gr,63,63,25,25,7,7,0.0515065193176269
424,network_6539.gr,network_6539.gr,63,63,25,25,7,7,0.0039305686950683
425,network_6539.gr,network_685.gr,63,63,25,25,7,7,0.0172171592712402
426,network_6539.gr,network_2057.gr,63,63,25,25,7,7,0.010406494140625
427,network_6539.gr,network_7632.gr,63,63,25,25,7,7,0.0238869190216064
428,network_6539.gr,network_6254.gr,63,63,25,25,7,7,0.0096645355224609
429,network_1884.gr,network_4240.gr,63,63,27,27,5,5,0.0074670314788818
430,network_1884.gr,network_1884.gr,63,63,27,27,5,5,0.0030305385589599
431,network_1884.gr,network_208.gr,63,63,27,27,5,5,0.0051794052124023
432,network_1884.gr,network_1603.gr,63,63,27,27,5,5,0.0139796733856201
433,network_1884.gr,network_5945.gr,63,63,27,27,5,5,0.0056912899017333
434,network_18969.gr,network_21720.gr,103,103,38,38,14,14,0.271939754486084
435,network_18969.gr,network_17507.gr,103,103,38,38,14,14,42.54119110107422
436,network_18969.gr,network_18969.gr,103,103,38,38,14,14,0.0391185283660888
437,network_20433.gr,network_18857.gr,103,103,36,36,16,16,8.871654510498047
438,network_20433.gr,network_20433.gr,103,103,36,36,16,16,0.1233036518096923
439,network_20433.gr,network_20781.gr,103,103,36,36,16,16,0.2436659336090088
440,network_20433.gr,network_20229.gr,103,103,36,36,16,16,0.5160222053527832
441,network_16888.gr,network_2501.gr,103,63,28,28,24,4,3.7909247875213614
442,network_16888.gr,network_2513.gr,103,63,28,28,24,4,8.515954494476318
443,network_16888.gr,network_2638.gr,103,63,28,28,24,4,1.6881706714630127
444,network_16888.gr,network_16888.gr,103,103,28,28,24,24,42.30994367599487
445,network_16888.gr,network_2725.gr,103,63,28,28,24,4,0.8150436878204346
446,network_16888.gr,network_5183.gr,103,63,28,28,24,4,32.4477653503418
447,network_3715.gr,network_4900.gr,63,63,29,29,3,3,0.0034434795379638
448,network_3715.gr,network_4906.gr,63,63,29,29,3,3,0.0081439018249511
449,network_3715.gr,network_3715.gr,63,63,29,29,3,3,0.0019614696502685
450,network_3715.gr,network_2335.gr,63,63,29,29,3,3,0.0046398639678955
451,network_15242.gr,network_19953.gr,103,103,39,39,13,13,0.567793607711792
452,network_15242.gr,network_21163.gr,103,103,39,39,13,13,0.0535314083099365
453,network_15242.gr,network_17471.gr,103,103,39,39,13,13,0.0290756225585937
454,network_15242.gr,network_20072.gr,103,103,39,39,13,13,0.349891185760498
455,network_15242.gr,network_15242.gr,103,103,39,39,13,13,0.0173561573028564
456,network_15242.gr,network_19152.gr,103,103,39,39,13,13,0.107701301574707
457,network_15242.gr,network_17438.gr,103,103,39,39,13,13,0.3415417671203613
458,network_13264.gr,network_18786.gr,103,103,42,42,10,10,0.0150473117828369
459,network_13264.gr,network_17969.gr,103,103,42,42,10,10,0.0099656581878662
460,network_13264.gr,network_19926.gr,103,103,42,42,10,10,0.0593998432159423
461,network_13264.gr,network_13264.gr,103,103,42,42,10,10,0.0050113201141357
462,network_13264.gr,network_19521.gr,103,103,42,42,10,10,0.0933179855346679
463,network_19521.gr,network_18786.gr,103,103,42,42,10,10,0.2415783405303955
464,network_19521.gr,network_17969.gr,103,103,42,42,10,10,2.237967729568481
465,network_19521.gr,network_19926.gr,103,103,42,42,10,10,0.2350783348083496
466,network_19521.gr,network_13264.gr,103,103,42,42,10,10,0.1189877986907959
467,network_19521.gr,network_19521.gr,103,103,42,42,10,10,0.0051112174987792
468,network_5770.gr,network_4244.gr,63,63,26,26,6,6,0.0114848613739013
469,network_5770.gr,network_5770.gr,63,63,26,26,6,6,0.0022611618041992
470,network_5770.gr,network_10044.gr,63,63,26,26,6,6,0.0037899017333984
471,network_5211.gr,network_2544.gr,63,63,30,30,2,2,0.0042297840118408
472,network_5211.gr,network_2273.gr,63,63,30,30,2,2,0.0043420791625976
473,network_5211.gr,network_3407.gr,63,63,30,30,2,2,0.0031557083129882
474,network_5211.gr,network_5211.gr,63,63,30,30,2,2,0.0015685558319091
475,network_5211.gr,network_1335.gr,63,63,30,30,2,2,0.0029730796813964
476,network_5211.gr,network_19746.gr,63,103,30,30,2,22,0.0296850204467773
477,network_15988.gr,network_15123.gr,103,103,48,48,4,4,0.0315427780151367
478,network_15988.gr,network_14706.gr,103,103,48,48,4,4,0.0073685646057128
479,network_15988.gr,network_11321.gr,103,103,48,48,4,4,0.0092809200286865
480,network_15988.gr,network_14872.gr,103,103,48,48,4,4,0.0073885917663574
481,network_15988.gr,network_14516.gr,103,103,48,48,4,4,0.0124316215515136
482,network_15988.gr,network_15988.gr,103,103,48,48,4,4,0.0025334358215332
483,network_15988.gr,network_13536.gr,103,103,48,48,4,4,0.0068056583404541
484,network_15988.gr,network_14217.gr,103,103,48,48,4,4,0.0355970859527587
485,network_15988.gr,network_13763.gr,103,103,48,48,4,4,0.0060820579528808
486,network_15988.gr,network_12275.gr,103,103,48,48,4,4,0.005063772201538
487,network_15988.gr,network_15195.gr,103,103,48,48,4,4,0.0061817169189453
488,network_15988.gr,network_14213.gr,103,103,48,48,4,4,0.0064847469329833
489,network_20781.gr,network_18857.gr,103,103,36,36,16,16,0.9330320358276368
490,network_20781.gr,network_20433.gr,103,103,36,36,16,16,0.190946340560913
491,network_20781.gr,network_20781.gr,103,103,36,36,16,16,0.1212906837463378
492,network_20781.gr,network_20229.gr,103,103,36,36,16,16,0.0978446006774902
493,network_20229.gr,network_18857.gr,103,103,36,36,16,16,0.1838321685791015
494,network_20229.gr,network_20433.gr,103,103,36,36,16,16,0.4090220928192138
495,network_20229.gr,network_20781.gr,103,103,36,36,16,16,0.1065096855163574
496,network_20229.gr,network_20229.gr,103,103,36,36,16,16,0.1214327812194824
497,network_16066.gr,network_15778.gr,103,103,46,46,6,6,0.0089147090911865
498,network_16066.gr,network_16467.gr,103,103,46,46,6,6,0.0104610919952392
499,network_16066.gr,network_16124.gr,103,103,46,46,6,6,0.0109319686889648
500,network_16066.gr,network_16066.gr,103,103,46,46,6,6,0.002610445022583
501,network_16066.gr,network_14377.gr,103,103,46,46,6,6,0.0117950439453125
502,network_16066.gr,network_13167.gr,103,103,46,46,6,6,0.0127367973327636
503,network_16066.gr,network_11883.gr,103,103,46,46,6,6,0.0115110874176025
504,network_14702.gr,network_15779.gr,103,103,44,44,8,8,0.0211174488067626
505,network_14702.gr,network_12032.gr,103,103,44,44,8,8,0.1194221973419189
506,network_14702.gr,network_14702.gr,103,103,44,44,8,8,0.0030641555786132
507,network_14702.gr,network_19620.gr,103,103,44,44,8,8,0.0482809543609619
508,network_685.gr,network_5745.gr,63,63,25,25,7,7,0.0190217494964599
509,network_685.gr,network_10292.gr,63,63,25,25,7,7,0.0091896057128906
510,network_685.gr,network_6061.gr,63,63,25,25,7,7,0.0194883346557617
511,network_685.gr,network_6539.gr,63,63,25,25,7,7,0.0109379291534423
512,network_685.gr,network_685.gr,63,63,25,25,7,7,0.0020263195037841
513,network_685.gr,network_2057.gr,63,63,25,25,7,7,0.0041248798370361
514,network_685.gr,network_7632.gr,63,63,25,25,7,7,0.0079190731048583
515,network_685.gr,network_6254.gr,63,63,25,25,7,7,0.0067803859710693
516,network_2725.gr,network_2501.gr,63,63,28,28,4,4,0.0029540061950683
517,network_2725.gr,network_2513.gr,63,63,28,28,4,4,0.002577781677246
518,network_2725.gr,network_2638.gr,63,63,28,28,4,4,0.002638816833496
519,network_2725.gr,network_16888.gr,63,103,28,28,4,24,0.0075500011444091
520,network_2725.gr,network_2725.gr,63,63,28,28,4,4,0.0023226737976074
521,network_2725.gr,network_5183.gr,63,63,28,28,4,4,0.0027699470520019
522,network_13536.gr,network_15123.gr,103,103,48,48,4,4,0.0088148117065429
523,network_13536.gr,network_14706.gr,103,103,48,48,4,4,0.0218222141265869
524,network_13536.gr,network_11321.gr,103,103,48,48,4,4,0.0113337039947509
525,network_13536.gr,network_14872.gr,103,103,48,48,4,4,0.0223853588104248
526,network_13536.gr,network_14516.gr,103,103,48,48,4,4,0.0172491073608398
527,network_13536.gr,network_15988.gr,103,103,48,48,4,4,0.0069973468780517
528,network_13536.gr,network_13536.gr,103,103,48,48,4,4,0.0026466846466064
529,network_13536.gr,network_14217.gr,103,103,48,48,4,4,0.0215907096862792
530,network_13536.gr,network_13763.gr,103,103,48,48,4,4,0.0101008415222167
531,network_13536.gr,network_12275.gr,103,103,48,48,4,4,0.0089561939239501
532,network_13536.gr,network_15195.gr,103,103,48,48,4,4,0.0125572681427001
533,network_13536.gr,network_14213.gr,103,103,48,48,4,4,0.0076460838317871
534,network_21787.gr,network_13858.gr,103,103,43,43,9,9,0.0218291282653808
535,network_21787.gr,network_12063.gr,103,103,43,43,9,9,0.0520398616790771
536,network_21787.gr,network_21787.gr,103,103,43,43,9,9,0.0035028457641601
537,network_14217.gr,network_15123.gr,103,103,48,48,4,4,0.0194118022918701
538,network_14217.gr,network_14706.gr,103,103,48,48,4,4,0.0111985206604003
539,network_14217.gr,network_11321.gr,103,103,48,48,4,4,0.0223278999328613
540,network_14217.gr,network_14872.gr,103,103,48,48,4,4,0.0379612445831298
541,network_14217.gr,network_14516.gr,103,103,48,48,4,4,0.0741498470306396
542,network_14217.gr,network_15988.gr,103,103,48,48,4,4,0.0386815071105957
543,network_14217.gr,network_13536.gr,103,103,48,48,4,4,0.0205483436584472
544,network_14217.gr,network_14217.gr,103,103,48,48,4,4,0.003028392791748
545,network_14217.gr,network_13763.gr,103,103,48,48,4,4,0.0244319438934326
546,network_14217.gr,network_12275.gr,103,103,48,48,4,4,0.0153238773345947
547,network_14217.gr,network_15195.gr,103,103,48,48,4,4,0.0219411849975585
548,network_14217.gr,network_14213.gr,103,103,48,48,4,4,0.0094907283782958
549,network_7414.gr,network_9329.gr,63,63,22,22,10,10,0.0782322883605957
550,network_7414.gr,network_5777.gr,63,63,22,22,10,10,0.0131096839904785
551,network_7414.gr,network_6342.gr,63,63,22,22,10,10,0.0344123840332031
552,network_7414.gr,network_6407.gr,63,63,22,22,10,10,0.0402297973632812
553,network_7414.gr,network_7414.gr,63,63,22,22,10,10,0.0050394535064697
554,network_7414.gr,network_10922.gr,63,63,22,22,10,10,0.0191590785980224
555,network_7414.gr,network_10879.gr,63,63,22,22,10,10,0.0777122974395752
556,network_7414.gr,network_9901.gr,63,63,22,22,10,10,0.0353984832763671
557,network_21002.gr,network_20720.gr,103,103,37,37,15,15,0.1928646564483642
558,network_21002.gr,network_18886.gr,103,103,37,37,15,15,0.1106576919555664
559,network_21002.gr,network_20770.gr,103,103,37,37,15,15,0.3925457000732422
560,network_21002.gr,network_21002.gr,103,103,37,37,15,15,0.0594167709350585
561,network_21002.gr,network_17768.gr,103,103,37,37,15,15,7.727288484573364
562,network_21002.gr,network_20925.gr,103,103,37,37,15,15,0.4426875114440918
563,network_21002.gr,network_17955.gr,103,103,37,37,15,15,0.1058287620544433
564,network_9460.gr,network_6046.gr,63,63,21,21,11,11,0.0741660594940185
565,network_9460.gr,network_10978.gr,63,63,21,21,11,11,0.0649628639221191
566,network_9460.gr,network_9460.gr,63,63,21,21,11,11,0.0049250125885009
567,network_9460.gr,network_6071.gr,63,63,21,21,11,11,0.3088648319244385
568,network_9460.gr,network_9061.gr,63,63,21,21,11,11,0.0710210800170898
569,network_1962.gr,network_16.gr,63,63,32,32,0,0,0.0045709609985351
570,network_1962.gr,network_4933.gr,63,63,32,32,0,0,0.0046148300170898
571,network_1962.gr,network_1962.gr,63,63,32,32,0,0,0.0024614334106445
572,network_1962.gr,network_874.gr,63,63,32,32,0,0,0.0028254985809326
573,network_14377.gr,network_15778.gr,103,103,46,46,6,6,0.0078876018524169
574,network_14377.gr,network_16467.gr,103,103,46,46,6,6,0.0129306316375732
575,network_14377.gr,network_16124.gr,103,103,46,46,6,6,0.0135633945465087
576,network_14377.gr,network_16066.gr,103,103,46,46,6,6,0.0123546123504638
577,network_14377.gr,network_14377.gr,103,103,46,46,6,6,0.0034992694854736
578,network_14377.gr,network_13167.gr,103,103,46,46,6,6,0.0077598094940185
579,network_14377.gr,network_11883.gr,103,103,46,46,6,6,0.0182757377624511
580,network_10044.gr,network_4244.gr,63,63,26,26,6,6,0.0127840042114257
581,network_10044.gr,network_5770.gr,63,63,26,26,6,6,0.0078427791595458
582,network_10044.gr,network_10044.gr,63,63,26,26,6,6,0.0028192996978759
583,network_1335.gr,network_2544.gr,63,63,30,30,2,2,0.0045075416564941
584,network_1335.gr,network_2273.gr,63,63,30,30,2,2,0.0049977302551269
585,network_1335.gr,network_3407.gr,63,63,30,30,2,2,0.0044484138488769
586,network_1335.gr,network_5211.gr,63,63,30,30,2,2,0.0027205944061279
587,network_1335.gr,network_1335.gr,63,63,30,30,2,2,0.0028169155120849
588,network_1335.gr,network_19746.gr,63,103,30,30,2,22,0.0049476623535156
589,network_6188.gr,network_10691.gr,63,63,20,20,12,12,0.0338270664215087
590,network_6188.gr,network_6188.gr,63,63,20,20,12,12,0.0076942443847656
591,network_6188.gr,network_9235.gr,63,63,20,20,12,12,0.1068482398986816
592,network_8410.gr,network_8410.gr,63,63,23,23,9,9,0.00254487991333
593,network_8410.gr,network_8587.gr,63,63,23,23,9,9,0.0186991691589355
594,network_20435.gr,network_21851.gr,103,103,40,40,12,12,0.0278019905090332
595,network_20435.gr,network_19966.gr,103,103,40,40,12,12,0.0061564445495605
596,network_20435.gr,network_16878.gr,103,103,40,40,12,12,0.0169093608856201
597,network_20435.gr,network_20435.gr,103,103,40,40,12,12,0.0110614299774169
598,network_18546.gr,network_19083.gr,103,103,41,41,11,11,0.9804298877716064
599,network_18546.gr,network_18546.gr,103,103,41,41,11,11,0.0071082115173339
600,network_13763.gr,network_15123.gr,103,103,48,48,4,4,0.0073487758636474
601,network_13763.gr,network_14706.gr,103,103,48,48,4,4,0.0080561637878417
602,network_13763.gr,network_11321.gr,103,103,48,48,4,4,0.0079784393310546
603,network_13763.gr,network_14872.gr,103,103,48,48,4,4,0.0072228908538818
604,network_13763.gr,network_14516.gr,103,103,48,48,4,4,0.0107815265655517
605,network_13763.gr,network_15988.gr,103,103,48,48,4,4,0.006239891052246
606,network_13763.gr,network_13536.gr,103,103,48,48,4,4,0.0087993144989013
607,network_13763.gr,network_14217.gr,103,103,48,48,4,4,0.0155315399169921
608,network_13763.gr,network_13763.gr,103,103,48,48,4,4,0.002824068069458
609,network_13763.gr,network_12275.gr,103,103,48,48,4,4,0.0061097145080566
610,network_13763.gr,network_15195.gr,103,103,48,48,4,4,0.0121889114379882
611,network_13763.gr,network_14213.gr,103,103,48,48,4,4,0.0059003829956054
612,network_19152.gr,network_19953.gr,103,103,39,39,13,13,0.9599013328552246
613,network_19152.gr,network_21163.gr,103,103,39,39,13,13,0.2193460464477539
614,network_19152.gr,network_17471.gr,103,103,39,39,13,13,0.056206464767456
615,network_19152.gr,network_20072.gr,103,103,39,39,13,13,0.6730630397796631
616,network_19152.gr,network_15242.gr,103,103,39,39,13,13,0.1127843856811523
617,network_19152.gr,network_19152.gr,103,103,39,39,13,13,0.0164241790771484
618,network_19152.gr,network_17438.gr,103,103,39,39,13,13,1.8713908195495603
619,network_2057.gr,network_5745.gr,63,63,25,25,7,7,0.0198464393615722
620,network_2057.gr,network_10292.gr,63,63,25,25,7,7,0.0063626766204833
621,network_2057.gr,network_6061.gr,63,63,25,25,7,7,0.0209934711456298
622,network_2057.gr,network_6539.gr,63,63,25,25,7,7,0.0103161334991455
623,network_2057.gr,network_685.gr,63,63,25,25,7,7,0.0036091804504394
624,network_2057.gr,network_2057.gr,63,63,25,25,7,7,0.0017731189727783
625,network_2057.gr,network_7632.gr,63,63,25,25,7,7,0.0084552764892578
626,network_2057.gr,network_6254.gr,63,63,25,25,7,7,0.003166913986206
627,network_14450.gr,network_16201.gr,103,103,47,47,5,5,0.0660316944122314
628,network_14450.gr,network_14333.gr,103,103,47,47,5,5,0.0215187072753906
629,network_14450.gr,network_16271.gr,103,103,47,47,5,5,0.0212302207946777
630,network_14450.gr,network_12996.gr,103,103,47,47,5,5,0.0578515529632568
631,network_14450.gr,network_14450.gr,103,103,47,47,5,5,0.0027761459350585
632,network_14450.gr,network_15308.gr,103,103,47,47,5,5,0.019540786743164
633,network_14450.gr,network_15735.gr,103,103,47,47,5,5,0.0131003856658935
634,network_7632.gr,network_5745.gr,63,63,25,25,7,7,0.0610406398773193
635,network_7632.gr,network_10292.gr,63,63,25,25,7,7,0.0100131034851074
636,network_7632.gr,network_6061.gr,63,63,25,25,7,7,0.0084755420684814
637,network_7632.gr,network_6539.gr,63,63,25,25,7,7,0.0194158554077148
638,network_7632.gr,network_685.gr,63,63,25,25,7,7,0.007425308227539
639,network_7632.gr,network_2057.gr,63,63,25,25,7,7,0.0107004642486572
640,network_7632.gr,network_7632.gr,63,63,25,25,7,7,0.003044843673706
641,network_7632.gr,network_6254.gr,63,63,25,25,7,7,0.006326675415039
642,network_11455.gr,network_15438.gr,103,103,50,50,2,2,0.0056540966033935
643,network_11455.gr,network_11843.gr,103,103,50,50,2,2,0.0051980018615722
644,network_11455.gr,network_12997.gr,103,103,50,50,2,2,0.0068199634552001
645,network_11455.gr,network_11455.gr,103,103,50,50,2,2,0.002610445022583
646,network_11455.gr,network_14263.gr,103,103,50,50,2,2,0.0053794384002685
647,network_11455.gr,network_13408.gr,103,103,50,50,2,2,0.0081501007080078
648,network_14263.gr,network_15438.gr,103,103,50,50,2,2,0.0095136165618896
649,network_14263.gr,network_11843.gr,103,103,50,50,2,2,0.005793809890747
650,network_14263.gr,network_12997.gr,103,103,50,50,2,2,0.009225845336914
651,network_14263.gr,network_11455.gr,103,103,50,50,2,2,0.005805492401123
652,network_14263.gr,network_14263.gr,103,103,50,50,2,2,0.0025045871734619
653,network_14263.gr,network_13408.gr,103,103,50,50,2,2,0.0079743862152099
654,network_9235.gr,network_10691.gr,63,63,20,20,12,12,0.066072940826416
655,network_9235.gr,network_6188.gr,63,63,20,20,12,12,0.0343501567840576
656,network_9235.gr,network_9235.gr,63,63,20,20,12,12,0.0092999935150146
657,network_19620.gr,network_15779.gr,103,103,44,44,8,8,0.0190434455871582
658,network_19620.gr,network_12032.gr,103,103,44,44,8,8,0.1173598766326904
659,network_19620.gr,network_14702.gr,103,103,44,44,8,8,0.0290939807891845
660,network_19620.gr,network_19620.gr,103,103,44,44,8,8,0.0031065940856933
661,network_17768.gr,network_20720.gr,103,103,37,37,15,15,67.59304332733154
662,network_17768.gr,network_18886.gr,103,103,37,37,15,15,1.183269739151001
663,network_17768.gr,network_20770.gr,103,103,37,37,15,15,42.72603964805603
664,network_17768.gr,network_21002.gr,103,103,37,37,15,15,8.289986610412598
665,network_17768.gr,network_17768.gr,103,103,37,37,15,15,0.0662102699279785
666,network_17768.gr,network_20925.gr,103,103,37,37,15,15,37.747491121292114
667,network_17768.gr,network_17955.gr,103,103,37,37,15,15,17.827654361724854
668,network_10922.gr,network_9329.gr,63,63,22,22,10,10,0.0380487442016601
669,network_10922.gr,network_5777.gr,63,63,22,22,10,10,0.0062918663024902
670,network_10922.gr,network_6342.gr,63,63,22,22,10,10,0.0643599033355712
671,network_10922.gr,network_6407.gr,63,63,22,22,10,10,0.0158097743988037
672,network_10922.gr,network_7414.gr,63,63,22,22,10,10,0.0202932357788085
673,network_10922.gr,network_10922.gr,63,63,22,22,10,10,0.0029957294464111
674,network_10922.gr,network_10879.gr,63,63,22,22,10,10,0.0361087322235107
675,network_10922.gr,network_9901.gr,63,63,22,22,10,10,0.0655107498168945
676,network_10879.gr,network_9329.gr,63,63,22,22,10,10,0.0186007022857666
677,network_10879.gr,network_5777.gr,63,63,22,22,10,10,0.0040338039398193
678,network_10879.gr,network_6342.gr,63,63,22,22,10,10,0.0344767570495605
679,network_10879.gr,network_6407.gr,63,63,22,22,10,10,0.074378490447998
680,network_10879.gr,network_7414.gr,63,63,22,22,10,10,0.0683276653289794
681,network_10879.gr,network_10922.gr,63,63,22,22,10,10,0.0327591896057128
682,network_10879.gr,network_10879.gr,63,63,22,22,10,10,0.0033178329467773
683,network_10879.gr,network_9901.gr,63,63,22,22,10,10,0.0373039245605468
684,network_12275.gr,network_15123.gr,103,103,48,48,4,4,0.0089087486267089
685,network_12275.gr,network_14706.gr,103,103,48,48,4,4,0.0054681301116943
686,network_12275.gr,network_11321.gr,103,103,48,48,4,4,0.0053918361663818
687,network_12275.gr,network_14872.gr,103,103,48,48,4,4,0.0081803798675537
688,network_12275.gr,network_14516.gr,103,103,48,48,4,4,0.0090765953063964
689,network_12275.gr,network_15988.gr,103,103,48,48,4,4,0.0063321590423583
690,network_12275.gr,network_13536.gr,103,103,48,48,4,4,0.0083816051483154
691,network_12275.gr,network_14217.gr,103,103,48,48,4,4,0.0060083866119384
692,network_12275.gr,network_13763.gr,103,103,48,48,4,4,0.0079622268676757
693,network_12275.gr,network_12275.gr,103,103,48,48,4,4,0.0025639533996582
694,network_12275.gr,network_15195.gr,103,103,48,48,4,4,0.0087802410125732
695,network_12275.gr,network_14213.gr,103,103,48,48,4,4,0.0063538551330566
696,network_6254.gr,network_5745.gr,63,63,25,25,7,7,0.0078418254852294
697,network_6254.gr,network_10292.gr,63,63,25,25,7,7,0.0063796043395996
698,network_6254.gr,network_6061.gr,63,63,25,25,7,7,0.0079474449157714
699,network_6254.gr,network_6539.gr,63,63,25,25,7,7,0.0053458213806152
700,network_6254.gr,network_685.gr,63,63,25,25,7,7,0.0060367584228515
701,network_6254.gr,network_2057.gr,63,63,25,25,7,7,0.0030775070190429
702,network_6254.gr,network_7632.gr,63,63,25,25,7,7,0.0045502185821533
703,network_6254.gr,network_6254.gr,63,63,25,25,7,7,0.0032374858856201
704,network_15308.gr,network_16201.gr,103,103,47,47,5,5,0.0621976852416992
705,network_15308.gr,network_14333.gr,103,103,47,47,5,5,0.0203580856323242
706,network_15308.gr,network_16271.gr,103,103,47,47,5,5,0.0075201988220214
707,network_15308.gr,network_12996.gr,103,103,47,47,5,5,0.0183370113372802
708,network_15308.gr,network_14450.gr,103,103,47,47,5,5,0.0189855098724365
709,network_15308.gr,network_15308.gr,103,103,47,47,5,5,0.0025646686553955
710,network_15308.gr,network_15735.gr,103,103,47,47,5,5,0.0211081504821777
711,network_19746.gr,network_2544.gr,103,63,30,30,22,2,0.09584641456604
712,network_19746.gr,network_2273.gr,103,63,30,30,22,2,0.0145812034606933
713,network_19746.gr,network_3407.gr,103,63,30,30,22,2,0.0261073112487792
714,network_19746.gr,network_5211.gr,103,63,30,30,22,2,0.0527560710906982
715,network_19746.gr,network_1335.gr,103,63,30,30,22,2,0.0146951675415039
716,network_19746.gr,network_19746.gr,103,103,30,30,22,22,9.48183798789978
717,network_13408.gr,network_15438.gr,103,103,50,50,2,2,0.0058555603027343
718,network_13408.gr,network_11843.gr,103,103,50,50,2,2,0.0057530403137207
719,network_13408.gr,network_12997.gr,103,103,50,50,2,2,0.0055396556854248
720,network_13408.gr,network_11455.gr,103,103,50,50,2,2,0.0053498744964599
721,network_13408.gr,network_14263.gr,103,103,50,50,2,2,0.0056264400482177
722,network_13408.gr,network_13408.gr,103,103,50,50,2,2,0.0025100708007812
723,network_7364.gr,network_8127.gr,63,63,24,24,8,8,0.0101504325866699
724,network_7364.gr,network_8934.gr,63,63,24,24,8,8,0.005403995513916
725,network_7364.gr,network_7364.gr,63,63,24,24,8,8,0.0539062023162841
726,network_15632.gr,network_12016.gr,103,103,45,45,7,7,0.0379199981689453
727,network_15632.gr,network_12068.gr,103,103,45,45,7,7,0.1317973136901855
728,network_15632.gr,network_16379.gr,103,103,45,45,7,7,0.0622980594635009
729,network_15632.gr,network_15733.gr,103,103,45,45,7,7,0.2077133655548095
730,network_15632.gr,network_15632.gr,103,103,45,45,7,7,0.0027906894683837
731,network_15632.gr,network_11006.gr,103,103,45,45,7,7,0.0637197494506836
732,network_15632.gr,network_16065.gr,103,103,45,45,7,7,0.0204842090606689
733,network_15632.gr,network_13287.gr,103,103,45,45,7,7,0.117328405380249
734,network_208.gr,network_4240.gr,63,63,27,27,5,5,0.0028243064880371
735,network_208.gr,network_1884.gr,63,63,27,27,5,5,0.0027592182159423
736,network_208.gr,network_208.gr,63,63,27,27,5,5,0.0027461051940917
737,network_208.gr,network_1603.gr,63,63,27,27,5,5,0.0027830600738525
738,network_208.gr,network_5945.gr,63,63,27,27,5,5,0.0030460357666015
739,network_17587.gr,network_21959.gr,103,103,35,35,17,17,0.878619909286499
740,network_17587.gr,network_19918.gr,103,103,35,35,17,17,18.921964168548584
741,network_17587.gr,network_17587.gr,103,103,35,35,17,17,0.2644095420837402
742,network_17587.gr,network_20898.gr,103,103,35,35,17,17,16.6886146068573
743,network_17587.gr,network_20564.gr,103,103,35,35,17,17,35.778159618377686
744,network_11006.gr,network_12016.gr,103,103,45,45,7,7,0.0090320110321044
745,network_11006.gr,network_12068.gr,103,103,45,45,7,7,0.0202677249908447
746,network_11006.gr,network_16379.gr,103,103,45,45,7,7,0.0148737430572509
747,network_11006.gr,network_15733.gr,103,103,45,45,7,7,0.0315723419189453
748,network_11006.gr,network_15632.gr,103,103,45,45,7,7,0.0215210914611816
749,network_11006.gr,network_11006.gr,103,103,45,45,7,7,0.0028872489929199
750,network_11006.gr,network_16065.gr,103,103,45,45,7,7,0.0095946788787841
751,network_11006.gr,network_13287.gr,103,103,45,45,7,7,0.0363109111785888
752,network_20898.gr,network_21959.gr,103,103,35,35,17,17,1.1003804206848145
753,network_20898.gr,network_19918.gr,103,103,35,35,17,17,36.6523756980896
754,network_20898.gr,network_17587.gr,103,103,35,35,17,17,17.768810033798218
755,network_20898.gr,network_20898.gr,103,103,35,35,17,17,0.2599523067474365
756,network_20898.gr,network_20564.gr,103,103,35,35,17,17,334.3665745258332
757,network_20925.gr,network_20720.gr,103,103,37,37,15,15,2.228423357009888
758,network_20925.gr,network_18886.gr,103,103,37,37,15,15,0.0598187446594238
759,network_20925.gr,network_20770.gr,103,103,37,37,15,15,0.9587790966033936
760,network_20925.gr,network_21002.gr,103,103,37,37,15,15,0.6452608108520508
761,network_20925.gr,network_17768.gr,103,103,37,37,15,15,37.855746030807495
762,network_20925.gr,network_20925.gr,103,103,37,37,15,15,0.0654401779174804
763,network_20925.gr,network_17955.gr,103,103,37,37,15,15,0.4870877265930176
764,network_6071.gr,network_6046.gr,63,63,21,21,11,11,0.3331236839294433
765,network_6071.gr,network_10978.gr,63,63,21,21,11,11,0.3326292037963867
766,network_6071.gr,network_9460.gr,63,63,21,21,11,11,0.3367402553558349
767,network_6071.gr,network_6071.gr,63,63,21,21,11,11,0.0070447921752929
768,network_6071.gr,network_9061.gr,63,63,21,21,11,11,1.4445807933807373
769,network_17955.gr,network_20720.gr,103,103,37,37,15,15,0.329491376876831
770,network_17955.gr,network_18886.gr,103,103,37,37,15,15,0.055391788482666
771,network_17955.gr,network_20770.gr,103,103,37,37,15,15,0.442232608795166
772,network_17955.gr,network_21002.gr,103,103,37,37,15,15,0.1162166595458984
773,network_17955.gr,network_17768.gr,103,103,37,37,15,15,18.344258069992065
774,network_17955.gr,network_20925.gr,103,103,37,37,15,15,0.4396333694458008
775,network_17955.gr,network_17955.gr,103,103,37,37,15,15,0.0656449794769287
776,network_2335.gr,network_4900.gr,63,63,29,29,3,3,0.0034582614898681
777,network_2335.gr,network_4906.gr,63,63,29,29,3,3,0.006040334701538
778,network_2335.gr,network_3715.gr,63,63,29,29,3,3,0.0048601627349853
779,network_2335.gr,network_2335.gr,63,63,29,29,3,3,0.0016117095947265
780,network_15735.gr,network_16201.gr,103,103,47,47,5,5,0.0106747150421142
781,network_15735.gr,network_14333.gr,103,103,47,47,5,5,0.0089054107666015
782,network_15735.gr,network_16271.gr,103,103,47,47,5,5,0.0067040920257568
783,network_15735.gr,network_12996.gr,103,103,47,47,5,5,0.0113816261291503
784,network_15735.gr,network_14450.gr,103,103,47,47,5,5,0.0088887214660644
785,network_15735.gr,network_15308.gr,103,103,47,47,5,5,0.0201661586761474
786,network_15735.gr,network_15735.gr,103,103,47,47,5,5,0.0027122497558593
787,network_8587.gr,network_8410.gr,63,63,23,23,9,9,0.0203292369842529
788,network_8587.gr,network_8587.gr,63,63,23,23,9,9,0.0024011135101318
789,network_17438.gr,network_19953.gr,103,103,39,39,13,13,18.50710844993592
790,network_17438.gr,network_21163.gr,103,103,39,39,13,13,2.126404285430908
791,network_17438.gr,network_17471.gr,103,103,39,39,13,13,8.830297470092773
792,network_17438.gr,network_20072.gr,103,103,39,39,13,13,8.866333961486816
793,network_17438.gr,network_15242.gr,103,103,39,39,13,13,0.4698545932769775
794,network_17438.gr,network_19152.gr,103,103,39,39,13,13,1.9899258613586424
795,network_17438.gr,network_17438.gr,103,103,39,39,13,13,0.0167071819305419
796,network_9061.gr,network_6046.gr,63,63,21,21,11,11,0.0779201984405517
797,network_9061.gr,network_10978.gr,63,63,21,21,11,11,0.5520243644714355
798,network_9061.gr,network_9460.gr,63,63,21,21,11,11,0.0711169242858886
799,network_9061.gr,network_6071.gr,63,63,21,21,11,11,1.3611516952514648
800,network_9061.gr,network_9061.gr,63,63,21,21,11,11,0.0061731338500976
801,network_1603.gr,network_4240.gr,63,63,27,27,5,5,0.0441672801971435
802,network_1603.gr,network_1884.gr,63,63,27,27,5,5,0.0149867534637451
803,network_1603.gr,network_208.gr,63,63,27,27,5,5,0.0070514678955078
804,network_1603.gr,network_1603.gr,63,63,27,27,5,5,0.0016486644744873
805,network_1603.gr,network_5945.gr,63,63,27,27,5,5,0.0137569904327392
806,network_874.gr,network_16.gr,63,63,32,32,0,0,0.0027778148651123
807,network_874.gr,network_4933.gr,63,63,32,32,0,0,0.002786636352539
808,network_874.gr,network_1962.gr,63,63,32,32,0,0,0.0036618709564208
809,network_874.gr,network_874.gr,63,63,32,32,0,0,0.0015375614166259
810,network_15195.gr,network_15123.gr,103,103,48,48,4,4,0.0114796161651611
811,network_15195.gr,network_14706.gr,103,103,48,48,4,4,0.008866548538208
812,network_15195.gr,network_11321.gr,103,103,48,48,4,4,0.0104854106903076
813,network_15195.gr,network_14872.gr,103,103,48,48,4,4,0.0138814449310302
814,network_15195.gr,network_14516.gr,103,103,48,48,4,4,0.0210390090942382
815,network_15195.gr,network_15988.gr,103,103,48,48,4,4,0.0066421031951904
816,network_15195.gr,network_13536.gr,103,103,48,48,4,4,0.0125989913940429
817,network_15195.gr,network_14217.gr,103,103,48,48,4,4,0.0180861949920654
818,network_15195.gr,network_13763.gr,103,103,48,48,4,4,0.0136289596557617
819,network_15195.gr,network_12275.gr,103,103,48,48,4,4,0.0097942352294921
820,network_15195.gr,network_15195.gr,103,103,48,48,4,4,0.002718448638916
821,network_15195.gr,network_14213.gr,103,103,48,48,4,4,0.0066220760345458
822,network_16065.gr,network_12016.gr,103,103,45,45,7,7,0.0051095485687255
823,network_16065.gr,network_12068.gr,103,103,45,45,7,7,0.0069503784179687
824,network_16065.gr,network_16379.gr,103,103,45,45,7,7,0.0138473510742187
825,network_16065.gr,network_15733.gr,103,103,45,45,7,7,0.005568504333496
826,network_16065.gr,network_15632.gr,103,103,45,45,7,7,0.0051982402801513
827,network_16065.gr,network_11006.gr,103,103,45,45,7,7,0.0066151618957519
828,network_16065.gr,network_16065.gr,103,103,45,45,7,7,0.002774953842163
829,network_16065.gr,network_13287.gr,103,103,45,45,7,7,0.014280080795288
830,network_20564.gr,network_21959.gr,103,103,35,35,17,17,17.15281367301941
831,network_20564.gr,network_19918.gr,103,103,35,35,17,17,155.86645460128784
832,network_20564.gr,network_17587.gr,103,103,35,35,17,17,33.13808035850525
833,network_20564.gr,network_20898.gr,103,103,35,35,17,17,312.740330696106
834,network_20564.gr,network_20564.gr,103,103,35,35,17,17,0.2526383399963379
835,network_5945.gr,network_4240.gr,63,63,27,27,5,5,0.0045840740203857
836,network_5945.gr,network_1884.gr,63,63,27,27,5,5,0.0044741630554199
837,network_5945.gr,network_208.gr,63,63,27,27,5,5,0.0039193630218505
838,network_5945.gr,network_1603.gr,63,63,27,27,5,5,0.0110816955566406
839,network_5945.gr,network_5945.gr,63,63,27,27,5,5,0.0016505718231201
840,network_13287.gr,network_12016.gr,103,103,45,45,7,7,0.0225040912628173
841,network_13287.gr,network_12068.gr,103,103,45,45,7,7,0.1259706020355224
842,network_13287.gr,network_16379.gr,103,103,45,45,7,7,0.0323212146759033
843,network_13287.gr,network_15733.gr,103,103,45,45,7,7,0.0118002891540527
844,network_13287.gr,network_15632.gr,103,103,45,45,7,7,0.1170887947082519
845,network_13287.gr,network_11006.gr,103,103,45,45,7,7,0.0364809036254882
846,network_13287.gr,network_16065.gr,103,103,45,45,7,7,0.0211071968078613
847,network_13287.gr,network_13287.gr,103,103,45,45,7,7,0.0027756690979003
848,network_13167.gr,network_15778.gr,103,103,46,46,6,6,0.0087099075317382
849,network_13167.gr,network_16467.gr,103,103,46,46,6,6,0.0127952098846435
850,network_13167.gr,network_16124.gr,103,103,46,46,6,6,0.0108189582824707
851,network_13167.gr,network_16066.gr,103,103,46,46,6,6,0.0116357803344726
852,network_13167.gr,network_14377.gr,103,103,46,46,6,6,0.0077648162841796
853,network_13167.gr,network_13167.gr,103,103,46,46,6,6,0.0028071403503417
854,network_13167.gr,network_11883.gr,103,103,46,46,6,6,0.0208280086517334
855,network_12430.gr,network_13723.gr,103,103,49,49,3,3,0.009305715560913
856,network_12430.gr,network_12430.gr,103,103,49,49,3,3,0.0025057792663574
857,network_11883.gr,network_15778.gr,103,103,46,46,6,6,0.0087132453918457
858,network_11883.gr,network_16467.gr,103,103,46,46,6,6,0.0138196945190429
859,network_11883.gr,network_16124.gr,103,103,46,46,6,6,0.0140676498413085
860,network_11883.gr,network_16066.gr,103,103,46,46,6,6,0.0142712593078613
861,network_11883.gr,network_14377.gr,103,103,46,46,6,6,0.0220546722412109
862,network_11883.gr,network_13167.gr,103,103,46,46,6,6,0.0235099792480468
863,network_11883.gr,network_11883.gr,103,103,46,46,6,6,0.0026934146881103
864,network_9901.gr,network_9329.gr,63,63,22,22,10,10,0.0349419116973876
865,network_9901.gr,network_5777.gr,63,63,22,22,10,10,0.0114779472351074
866,network_9901.gr,network_6342.gr,63,63,22,22,10,10,0.0653536319732666
867,network_9901.gr,network_6407.gr,63,63,22,22,10,10,0.0702250003814697
868,network_9901.gr,network_7414.gr,63,63,22,22,10,10,0.0360410213470459
869,network_9901.gr,network_10922.gr,63,63,22,22,10,10,0.0542457103729248
870,network_9901.gr,network_10879.gr,63,63,22,22,10,10,0.0384919643402099
871,network_9901.gr,network_9901.gr,63,63,22,22,10,10,0.0077443122863769
872,network_14213.gr,network_15123.gr,103,103,48,48,4,4,0.0071673393249511
873,network_14213.gr,network_14706.gr,103,103,48,48,4,4,0.00667405128479
874,network_14213.gr,network_11321.gr,103,103,48,48,4,4,0.0058629512786865
875,network_14213.gr,network_14872.gr,103,103,48,48,4,4,0.0066323280334472
876,network_14213.gr,network_14516.gr,103,103,48,48,4,4,0.0055072307586669
877,network_14213.gr,network_15988.gr,103,103,48,48,4,4,0.0070891380310058
878,network_14213.gr,network_13536.gr,103,103,48,48,4,4,0.0066020488739013
879,network_14213.gr,network_14217.gr,103,103,48,48,4,4,0.0064799785614013
880,network_14213.gr,network_13763.gr,103,103,48,48,4,4,0.0066123008728027
881,network_14213.gr,network_12275.gr,103,103,48,48,4,4,0.0054206848144531
882,network_14213.gr,network_15195.gr,103,103,48,48,4,4,0.0081419944763183
883,network_14213.gr,network_14213.gr,103,103,48,48,4,4,0.0026304721832275
884,network_5183.gr,network_2501.gr,63,63,28,28,4,4,0.0121488571166992
885,network_5183.gr,network_2513.gr,63,63,28,28,4,4,0.0087413787841796
886,network_5183.gr,network_2638.gr,63,63,28,28,4,4,0.0057520866394042
887,network_5183.gr,network_16888.gr,63,103,28,28,4,24,25.12857985496521
888,network_5183.gr,network_2725.gr,63,63,28,28,4,4,0.00510835647583
889,network_5183.gr,network_5183.gr,63,63,28,28,4,4,0.00175142288208
