,fname1,fname2,nnodes_network1,nnodes_network2,nleaves_network1,nleaves_network2,ntransfers_network1,ntransfers_network2,distance,runtime
0,network_4900.gr,network_4900.gr,63,63,29,29,3,3,0,0.0003085136413574219
1,network_4900.gr,network_4906.gr,63,63,29,29,3,3,58,0.0004215240478515625
2,network_4900.gr,network_3715.gr,63,63,29,29,3,3,60,0.0004119873046875
3,network_4900.gr,network_2335.gr,63,63,29,29,3,3,60,0.0005478858947753906
4,network_19953.gr,network_19953.gr,103,103,39,39,13,13,0,0.00044918060302734375
5,network_19953.gr,network_21163.gr,103,103,39,39,13,13,104,0.11938953399658203
6,network_19953.gr,network_17471.gr,103,103,39,39,13,13,101,0.5193560123443604
7,network_19953.gr,network_20072.gr,103,103,39,39,13,13,107,0.47357821464538574
8,network_19953.gr,network_15242.gr,103,103,39,39,13,13,101,0.06117820739746094
9,network_19953.gr,network_19152.gr,103,103,39,39,13,13,98,0.254349946975708
10,network_19953.gr,network_17438.gr,103,103,39,39,13,13,101,2.1197526454925537
11,network_16201.gr,network_16201.gr,103,103,47,47,5,5,0,0.0005795955657958984
12,network_16201.gr,network_14333.gr,103,103,47,47,5,5,94,0.004521369934082031
13,network_16201.gr,network_16271.gr,103,103,47,47,5,5,92,0.0034093856811523438
14,network_16201.gr,network_12996.gr,103,103,47,47,5,5,89,0.02313828468322754
15,network_16201.gr,network_14450.gr,103,103,47,47,5,5,90,0.010328531265258789
16,network_16201.gr,network_15308.gr,103,103,47,47,5,5,93,0.009345054626464844
17,network_16201.gr,network_15735.gr,103,103,47,47,5,5,93,0.001697540283203125
18,network_21959.gr,network_21959.gr,103,103,35,35,17,17,0,0.0006597042083740234
19,network_21959.gr,network_19918.gr,103,103,35,35,17,17,106,0.444321870803833
20,network_21959.gr,network_17587.gr,103,103,35,35,17,17,108,0.1078500747680664
21,network_21959.gr,network_20898.gr,103,103,35,35,17,17,105,0.4107396602630615
22,network_21959.gr,network_20564.gr,103,103,35,35,17,17,102,1.9125409126281738
23,network_19083.gr,network_19083.gr,103,103,41,41,11,11,0,0.0004055500030517578
24,network_19083.gr,network_18546.gr,103,103,41,41,11,11,101,0.2532172203063965
25,network_10691.gr,network_10691.gr,63,63,20,20,12,12,0,0.0003306865692138672
26,network_10691.gr,network_6188.gr,63,63,20,20,12,12,62,0.00373077392578125
27,network_10691.gr,network_9235.gr,63,63,20,20,12,12,64,0.011643171310424805
28,network_2544.gr,network_2544.gr,63,63,30,30,2,2,0,0.0003037452697753906
29,network_2544.gr,network_2273.gr,63,63,30,30,2,2,53,0.0005462169647216797
30,network_2544.gr,network_3407.gr,63,63,30,30,2,2,54,0.0005443096160888672
31,network_2544.gr,network_5211.gr,63,63,30,30,2,2,46,0.0003643035888671875
32,network_2544.gr,network_1335.gr,63,63,30,30,2,2,51,0.0005176067352294922
33,network_2544.gr,network_19746.gr,63,103,30,30,2,22,83,0.015747785568237305
34,network_9329.gr,network_9329.gr,63,63,22,22,10,10,0,0.0004286766052246094
35,network_9329.gr,network_5777.gr,63,63,22,22,10,10,60,0.0008022785186767578
36,network_9329.gr,network_6342.gr,63,63,22,22,10,10,60,0.022343158721923828
37,network_9329.gr,network_6407.gr,63,63,22,22,10,10,55,0.009421348571777344
38,network_9329.gr,network_7414.gr,63,63,22,22,10,10,61,0.011857986450195312
39,network_9329.gr,network_10922.gr,63,63,22,22,10,10,62,0.004513263702392578
40,network_9329.gr,network_10879.gr,63,63,22,22,10,10,63,0.002193450927734375
41,network_9329.gr,network_9901.gr,63,63,22,22,10,10,62,0.004147052764892578
42,network_8127.gr,network_8127.gr,63,63,24,24,8,8,0,0.0003752708435058594
43,network_8127.gr,network_8934.gr,63,63,24,24,8,8,57,0.002056121826171875
44,network_8127.gr,network_7364.gr,63,63,24,24,8,8,66,0.0016846656799316406
45,network_5777.gr,network_9329.gr,63,63,22,22,10,10,60,0.0008649826049804688
46,network_5777.gr,network_5777.gr,63,63,22,22,10,10,0,0.0002644062042236328
47,network_5777.gr,network_6342.gr,63,63,22,22,10,10,62,0.0032300949096679688
48,network_5777.gr,network_6407.gr,63,63,22,22,10,10,59,0.0013663768768310547
49,network_5777.gr,network_7414.gr,63,63,22,22,10,10,61,0.0012726783752441406
50,network_5777.gr,network_10922.gr,63,63,22,22,10,10,66,0.0007510185241699219
51,network_5777.gr,network_10879.gr,63,63,22,22,10,10,67,0.0004980564117431641
52,network_5777.gr,network_9901.gr,63,63,22,22,10,10,63,0.0014064311981201172
53,network_6342.gr,network_9329.gr,63,63,22,22,10,10,60,0.020971059799194336
54,network_6342.gr,network_5777.gr,63,63,22,22,10,10,62,0.0035135746002197266
55,network_6342.gr,network_6342.gr,63,63,22,22,10,10,0,0.00035762786865234375
56,network_6342.gr,network_6407.gr,63,63,22,22,10,10,59,0.009738683700561523
57,network_6342.gr,network_7414.gr,63,63,22,22,10,10,65,0.00536036491394043
58,network_6342.gr,network_10922.gr,63,63,22,22,10,10,62,0.00782632827758789
59,network_6342.gr,network_10879.gr,63,63,22,22,10,10,67,0.004180908203125
60,network_6342.gr,network_9901.gr,63,63,22,22,10,10,62,0.009482622146606445
61,network_15438.gr,network_15438.gr,103,103,50,50,2,2,0,0.0004363059997558594
62,network_15438.gr,network_11843.gr,103,103,50,50,2,2,86,0.0008809566497802734
63,network_15438.gr,network_12997.gr,103,103,50,50,2,2,83,0.0012996196746826172
64,network_15438.gr,network_11455.gr,103,103,50,50,2,2,84,0.000766754150390625
65,network_15438.gr,network_14263.gr,103,103,50,50,2,2,87,0.0009212493896484375
66,network_15438.gr,network_13408.gr,103,103,50,50,2,2,89,0.0006680488586425781
67,network_16.gr,network_16.gr,63,63,32,32,0,0,0,0.0005390644073486328
68,network_16.gr,network_4933.gr,63,63,32,32,0,0,46,0.0005979537963867188
69,network_16.gr,network_1962.gr,63,63,32,32,0,0,48,0.0005984306335449219
70,network_16.gr,network_874.gr,63,63,32,32,0,0,52,0.0004582405090332031
71,network_6046.gr,network_6046.gr,63,63,21,21,11,11,0,0.00035190582275390625
72,network_6046.gr,network_10978.gr,63,63,21,21,11,11,65,0.019625425338745117
73,network_6046.gr,network_9460.gr,63,63,21,21,11,11,61,0.010700225830078125
74,network_6046.gr,network_6071.gr,63,63,21,21,11,11,69,0.041500091552734375
75,network_6046.gr,network_9061.gr,63,63,21,21,11,11,63,0.016284465789794922
76,network_13858.gr,network_13858.gr,103,103,43,43,9,9,0,0.0005006790161132812
77,network_13858.gr,network_12063.gr,103,103,43,43,9,9,94,0.06765484809875488
78,network_13858.gr,network_21787.gr,103,103,43,43,9,9,101,0.003968715667724609
79,network_12063.gr,network_13858.gr,103,103,43,43,9,9,94,0.06699943542480469
80,network_12063.gr,network_12063.gr,103,103,43,43,9,9,0,0.0005626678466796875
81,network_12063.gr,network_21787.gr,103,103,43,43,9,9,99,0.010620832443237305
82,network_20900.gr,network_20900.gr,103,103,33,33,19,19,0,0.0004725456237792969
83,network_5745.gr,network_5745.gr,63,63,25,25,7,7,0,0.0003795623779296875
84,network_5745.gr,network_10292.gr,63,63,25,25,7,7,61,0.005860328674316406
85,network_5745.gr,network_6061.gr,63,63,25,25,7,7,53,0.000946044921875
86,network_5745.gr,network_6539.gr,63,63,25,25,7,7,53,0.0026123523712158203
87,network_5745.gr,network_685.gr,63,63,25,25,7,7,62,0.00258636474609375
88,network_5745.gr,network_2057.gr,63,63,25,25,7,7,53,0.003933906555175781
89,network_5745.gr,network_7632.gr,63,63,25,25,7,7,59,0.009877204895019531
90,network_5745.gr,network_6254.gr,63,63,25,25,7,7,62,0.0013835430145263672
91,network_13723.gr,network_13723.gr,103,103,49,49,3,3,0,0.000392913818359375
92,network_13723.gr,network_12430.gr,103,103,49,49,3,3,83,0.0007297992706298828
93,network_2501.gr,network_2501.gr,63,63,28,28,4,4,0,0.00029206275939941406
94,network_2501.gr,network_2513.gr,63,63,28,28,4,4,55,0.0015647411346435547
95,network_2501.gr,network_2638.gr,63,63,28,28,4,4,53,0.0006124973297119141
96,network_2501.gr,network_16888.gr,63,103,28,28,4,24,78,0.4164121150970459
97,network_2501.gr,network_2725.gr,63,63,28,28,4,4,53,0.0004372596740722656
98,network_2501.gr,network_5183.gr,63,63,28,28,4,4,59,0.001535177230834961
99,network_2273.gr,network_2544.gr,63,63,30,30,2,2,53,0.0004642009735107422
100,network_2273.gr,network_2273.gr,63,63,30,30,2,2,0,0.0002562999725341797
101,network_2273.gr,network_3407.gr,63,63,30,30,2,2,50,0.0006496906280517578
102,network_2273.gr,network_5211.gr,63,63,30,30,2,2,46,0.0006330013275146484
103,network_2273.gr,network_1335.gr,63,63,30,30,2,2,51,0.00037384033203125
104,network_2273.gr,network_19746.gr,63,103,30,30,2,22,86,0.0016095638275146484
105,network_21851.gr,network_21851.gr,103,103,40,40,12,12,0,0.0004889965057373047
106,network_21851.gr,network_19966.gr,103,103,40,40,12,12,109,0.003128528594970703
107,network_21851.gr,network_16878.gr,103,103,40,40,12,12,100,0.006421566009521484
108,network_21851.gr,network_20435.gr,103,103,40,40,12,12,98,0.005350828170776367
109,network_20720.gr,network_20720.gr,103,103,37,37,15,15,0,0.0004429817199707031
110,network_20720.gr,network_18886.gr,103,103,37,37,15,15,111,0.014150857925415039
111,network_20720.gr,network_20770.gr,103,103,37,37,15,15,106,0.459688663482666
112,network_20720.gr,network_21002.gr,103,103,37,37,15,15,105,0.031310319900512695
113,network_20720.gr,network_17768.gr,103,103,37,37,15,15,94,8.954709529876709
114,network_20720.gr,network_20925.gr,103,103,37,37,15,15,104,0.22902655601501465
115,network_20720.gr,network_17955.gr,103,103,37,37,15,15,102,0.06861305236816406
116,network_18786.gr,network_18786.gr,103,103,42,42,10,10,0,0.0004336833953857422
117,network_18786.gr,network_17969.gr,103,103,42,42,10,10,95,0.00395965576171875
118,network_18786.gr,network_19926.gr,103,103,42,42,10,10,103,0.005973339080810547
119,network_18786.gr,network_13264.gr,103,103,42,42,10,10,95,0.0015816688537597656
120,network_18786.gr,network_19521.gr,103,103,42,42,10,10,99,0.03318285942077637
121,network_21720.gr,network_21720.gr,103,103,38,38,14,14,0,0.0004336833953857422
122,network_21720.gr,network_17507.gr,103,103,38,38,14,14,98,1.0036718845367432
123,network_21720.gr,network_18969.gr,103,103,38,38,14,14,100,0.03089118003845215
124,network_10292.gr,network_5745.gr,63,63,25,25,7,7,61,0.004810333251953125
125,network_10292.gr,network_10292.gr,63,63,25,25,7,7,0,0.0002415180206298828
126,network_10292.gr,network_6061.gr,63,63,25,25,7,7,60,0.004909038543701172
127,network_10292.gr,network_6539.gr,63,63,25,25,7,7,58,0.002518177032470703
128,network_10292.gr,network_685.gr,63,63,25,25,7,7,55,0.001058340072631836
129,network_10292.gr,network_2057.gr,63,63,25,25,7,7,56,0.0007963180541992188
130,network_10292.gr,network_7632.gr,63,63,25,25,7,7,60,0.0019593238830566406
131,network_10292.gr,network_6254.gr,63,63,25,25,7,7,63,0.0008051395416259766
132,network_17969.gr,network_18786.gr,103,103,42,42,10,10,95,0.004178762435913086
133,network_17969.gr,network_17969.gr,103,103,42,42,10,10,0,0.0004010200500488281
134,network_17969.gr,network_19926.gr,103,103,42,42,10,10,102,0.002062559127807617
135,network_17969.gr,network_13264.gr,103,103,42,42,10,10,100,0.0012316703796386719
136,network_17969.gr,network_19521.gr,103,103,42,42,10,10,91,0.2697484493255615
137,network_12016.gr,network_12016.gr,103,103,45,45,7,7,0,0.0006234645843505859
138,network_12016.gr,network_12068.gr,103,103,45,45,7,7,89,0.003056764602661133
139,network_12016.gr,network_16379.gr,103,103,45,45,7,7,89,0.0071408748626708984
140,network_12016.gr,network_15733.gr,103,103,45,45,7,7,87,0.004396200180053711
141,network_12016.gr,network_15632.gr,103,103,45,45,7,7,88,0.004633426666259766
142,network_12016.gr,network_11006.gr,103,103,45,45,7,7,89,0.0009684562683105469
143,network_12016.gr,network_16065.gr,103,103,45,45,7,7,87,0.0006117820739746094
144,network_12016.gr,network_13287.gr,103,103,45,45,7,7,92,0.002237558364868164
145,network_15123.gr,network_15123.gr,103,103,48,48,4,4,0,0.0004239082336425781
146,network_15123.gr,network_14706.gr,103,103,48,48,4,4,89,0.000762939453125
147,network_15123.gr,network_11321.gr,103,103,48,48,4,4,87,0.0014417171478271484
148,network_15123.gr,network_14872.gr,103,103,48,48,4,4,89,0.0014030933380126953
149,network_15123.gr,network_14516.gr,103,103,48,48,4,4,84,0.0036754608154296875
150,network_15123.gr,network_15988.gr,103,103,48,48,4,4,90,0.0013175010681152344
151,network_15123.gr,network_13536.gr,103,103,48,48,4,4,92,0.0009386539459228516
152,network_15123.gr,network_14217.gr,103,103,48,48,4,4,91,0.0024166107177734375
153,network_15123.gr,network_13763.gr,103,103,48,48,4,4,86,0.0010938644409179688
154,network_15123.gr,network_12275.gr,103,103,48,48,4,4,90,0.000942230224609375
155,network_15123.gr,network_15195.gr,103,103,48,48,4,4,91,0.0013761520385742188
156,network_15123.gr,network_14213.gr,103,103,48,48,4,4,90,0.0007467269897460938
157,network_17507.gr,network_21720.gr,103,103,38,38,14,14,98,0.9959542751312256
158,network_17507.gr,network_17507.gr,103,103,38,38,14,14,0,0.0005488395690917969
159,network_17507.gr,network_18969.gr,103,103,38,38,14,14,95,4.413069009780884
160,network_14706.gr,network_15123.gr,103,103,48,48,4,4,89,0.0007956027984619141
161,network_14706.gr,network_14706.gr,103,103,48,48,4,4,0,0.0004277229309082031
162,network_14706.gr,network_11321.gr,103,103,48,48,4,4,81,0.0007412433624267578
163,network_14706.gr,network_14872.gr,103,103,48,48,4,4,89,0.0007402896881103516
164,network_14706.gr,network_14516.gr,103,103,48,48,4,4,88,0.0009367465972900391
165,network_14706.gr,network_15988.gr,103,103,48,48,4,4,91,0.0008697509765625
166,network_14706.gr,network_13536.gr,103,103,48,48,4,4,93,0.004285097122192383
167,network_14706.gr,network_14217.gr,103,103,48,48,4,4,87,0.0016307830810546875
168,network_14706.gr,network_13763.gr,103,103,48,48,4,4,86,0.0007321834564208984
169,network_14706.gr,network_12275.gr,103,103,48,48,4,4,95,0.0007302761077880859
170,network_14706.gr,network_15195.gr,103,103,48,48,4,4,87,0.0009465217590332031
171,network_14706.gr,network_14213.gr,103,103,48,48,4,4,87,0.0014345645904541016
172,network_4933.gr,network_16.gr,63,63,32,32,0,0,46,0.00032329559326171875
173,network_4933.gr,network_4933.gr,63,63,32,32,0,0,0,0.0002682209014892578
174,network_4933.gr,network_1962.gr,63,63,32,32,0,0,46,0.0002906322479248047
175,network_4933.gr,network_874.gr,63,63,32,32,0,0,46,0.0003840923309326172
176,network_21163.gr,network_19953.gr,103,103,39,39,13,13,104,0.11518359184265137
177,network_21163.gr,network_21163.gr,103,103,39,39,13,13,0,0.0003902912139892578
178,network_21163.gr,network_17471.gr,103,103,39,39,13,13,103,0.0055081844329833984
179,network_21163.gr,network_20072.gr,103,103,39,39,13,13,104,0.11199092864990234
180,network_21163.gr,network_15242.gr,103,103,39,39,13,13,97,0.007071018218994141
181,network_21163.gr,network_19152.gr,103,103,39,39,13,13,106,0.02860403060913086
182,network_21163.gr,network_17438.gr,103,103,39,39,13,13,97,0.46181154251098633
183,network_4906.gr,network_4900.gr,63,63,29,29,3,3,58,0.00046563148498535156
184,network_4906.gr,network_4906.gr,63,63,29,29,3,3,0,0.00026798248291015625
185,network_4906.gr,network_3715.gr,63,63,29,29,3,3,50,0.0007889270782470703
186,network_4906.gr,network_2335.gr,63,63,29,29,3,3,54,0.0006957054138183594
187,network_15779.gr,network_15779.gr,103,103,44,44,8,8,0,0.00041174888610839844
188,network_15779.gr,network_12032.gr,103,103,44,44,8,8,89,0.008644342422485352
189,network_15779.gr,network_14702.gr,103,103,44,44,8,8,98,0.0030138492584228516
190,network_15779.gr,network_19620.gr,103,103,44,44,8,8,97,0.0021910667419433594
191,network_18886.gr,network_20720.gr,103,103,37,37,15,15,111,0.01496434211730957
192,network_18886.gr,network_18886.gr,103,103,37,37,15,15,0,0.0006237030029296875
193,network_18886.gr,network_20770.gr,103,103,37,37,15,15,104,0.029916763305664062
194,network_18886.gr,network_21002.gr,103,103,37,37,15,15,102,0.015005111694335938
195,network_18886.gr,network_17768.gr,103,103,37,37,15,15,107,0.11306381225585938
196,network_18886.gr,network_20925.gr,103,103,37,37,15,15,105,0.0068624019622802734
197,network_18886.gr,network_17955.gr,103,103,37,37,15,15,108,0.008784294128417969
198,network_5432.gr,network_5432.gr,63,63,31,31,1,1,0,0.00043392181396484375
199,network_5432.gr,network_1751.gr,63,63,31,31,1,1,44,0.00032210350036621094
200,network_5432.gr,network_20973.gr,63,103,31,31,1,21,74,0.002877473831176758
201,network_1751.gr,network_5432.gr,63,63,31,31,1,1,44,0.0004425048828125
202,network_1751.gr,network_1751.gr,63,63,31,31,1,1,0,0.000274658203125
203,network_1751.gr,network_20973.gr,63,103,31,31,1,21,70,0.005851268768310547
204,network_8934.gr,network_8127.gr,63,63,24,24,8,8,57,0.0023903846740722656
205,network_8934.gr,network_8934.gr,63,63,24,24,8,8,0,0.0002777576446533203
206,network_8934.gr,network_7364.gr,63,63,24,24,8,8,67,0.0007512569427490234
207,network_19966.gr,network_21851.gr,103,103,40,40,12,12,109,0.0027818679809570312
208,network_19966.gr,network_19966.gr,103,103,40,40,12,12,0,0.0005245208740234375
209,network_19966.gr,network_16878.gr,103,103,40,40,12,12,98,0.013791799545288086
210,network_19966.gr,network_20435.gr,103,103,40,40,12,12,107,0.0010445117950439453
211,network_11321.gr,network_15123.gr,103,103,48,48,4,4,87,0.001955270767211914
212,network_11321.gr,network_14706.gr,103,103,48,48,4,4,81,0.001360177993774414
213,network_11321.gr,network_11321.gr,103,103,48,48,4,4,0,0.0005137920379638672
214,network_11321.gr,network_14872.gr,103,103,48,48,4,4,79,0.0032362937927246094
215,network_11321.gr,network_14516.gr,103,103,48,48,4,4,83,0.0025987625122070312
216,network_11321.gr,network_15988.gr,103,103,48,48,4,4,87,0.001422882080078125
217,network_11321.gr,network_13536.gr,103,103,48,48,4,4,87,0.0018877983093261719
218,network_11321.gr,network_14217.gr,103,103,48,48,4,4,83,0.00408935546875
219,network_11321.gr,network_13763.gr,103,103,48,48,4,4,93,0.001293182373046875
220,network_11321.gr,network_12275.gr,103,103,48,48,4,4,93,0.0009942054748535156
221,network_11321.gr,network_15195.gr,103,103,48,48,4,4,90,0.0009493827819824219
222,network_11321.gr,network_14213.gr,103,103,48,48,4,4,89,0.0011718273162841797
223,network_19926.gr,network_18786.gr,103,103,42,42,10,10,103,0.004271984100341797
224,network_19926.gr,network_17969.gr,103,103,42,42,10,10,102,0.002061605453491211
225,network_19926.gr,network_19926.gr,103,103,42,42,10,10,0,0.0003426074981689453
226,network_19926.gr,network_13264.gr,103,103,42,42,10,10,91,0.00933218002319336
227,network_19926.gr,network_19521.gr,103,103,42,42,10,10,100,0.030267715454101562
228,network_15778.gr,network_15778.gr,103,103,46,46,6,6,0,0.0004413127899169922
229,network_15778.gr,network_16467.gr,103,103,46,46,6,6,97,0.0009467601776123047
230,network_15778.gr,network_16124.gr,103,103,46,46,6,6,89,0.001046895980834961
231,network_15778.gr,network_16066.gr,103,103,46,46,6,6,87,0.0009207725524902344
232,network_15778.gr,network_14377.gr,103,103,46,46,6,6,95,0.0009238719940185547
233,network_15778.gr,network_13167.gr,103,103,46,46,6,6,91,0.0009109973907470703
234,network_15778.gr,network_11883.gr,103,103,46,46,6,6,88,0.0009152889251708984
235,network_14333.gr,network_16201.gr,103,103,47,47,5,5,94,0.0023958683013916016
236,network_14333.gr,network_14333.gr,103,103,47,47,5,5,0,0.0005414485931396484
237,network_14333.gr,network_16271.gr,103,103,47,47,5,5,94,0.00098419189453125
238,network_14333.gr,network_12996.gr,103,103,47,47,5,5,89,0.004370450973510742
239,network_14333.gr,network_14450.gr,103,103,47,47,5,5,91,0.002676248550415039
240,network_14333.gr,network_15308.gr,103,103,47,47,5,5,89,0.0022933483123779297
241,network_14333.gr,network_15735.gr,103,103,47,47,5,5,90,0.0009279251098632812
242,network_16467.gr,network_15778.gr,103,103,46,46,6,6,97,0.0013573169708251953
243,network_16467.gr,network_16467.gr,103,103,46,46,6,6,0,0.0005202293395996094
244,network_16467.gr,network_16124.gr,103,103,46,46,6,6,86,0.0016322135925292969
245,network_16467.gr,network_16066.gr,103,103,46,46,6,6,96,0.0014681816101074219
246,network_16467.gr,network_14377.gr,103,103,46,46,6,6,94,0.0013697147369384766
247,network_16467.gr,network_13167.gr,103,103,46,46,6,6,90,0.0013806819915771484
248,network_16467.gr,network_11883.gr,103,103,46,46,6,6,89,0.002151966094970703
249,network_2513.gr,network_2501.gr,63,63,28,28,4,4,55,0.0015456676483154297
250,network_2513.gr,network_2513.gr,63,63,28,28,4,4,0,0.0002186298370361328
251,network_2513.gr,network_2638.gr,63,63,28,28,4,4,57,0.0011832714080810547
252,network_2513.gr,network_16888.gr,63,103,28,28,4,24,79,0.8720486164093018
253,network_2513.gr,network_2725.gr,63,63,28,28,4,4,52,0.0008654594421386719
254,network_2513.gr,network_5183.gr,63,63,28,28,4,4,58,0.0018558502197265625
255,network_16878.gr,network_21851.gr,103,103,40,40,12,12,100,0.006195068359375
256,network_16878.gr,network_19966.gr,103,103,40,40,12,12,98,0.0074617862701416016
257,network_16878.gr,network_16878.gr,103,103,40,40,12,12,0,0.0007367134094238281
258,network_16878.gr,network_20435.gr,103,103,40,40,12,12,96,0.002605438232421875
259,network_17471.gr,network_19953.gr,103,103,39,39,13,13,101,0.5026190280914307
260,network_17471.gr,network_21163.gr,103,103,39,39,13,13,103,0.005959033966064453
261,network_17471.gr,network_17471.gr,103,103,39,39,13,13,0,0.0004086494445800781
262,network_17471.gr,network_20072.gr,103,103,39,39,13,13,102,0.027617931365966797
263,network_17471.gr,network_15242.gr,103,103,39,39,13,13,100,0.003930568695068359
264,network_17471.gr,network_19152.gr,103,103,39,39,13,13,103,0.006760597229003906
265,network_17471.gr,network_17438.gr,103,103,39,39,13,13,100,0.9891867637634277
266,network_3407.gr,network_2544.gr,63,63,30,30,2,2,54,0.0009183883666992188
267,network_3407.gr,network_2273.gr,63,63,30,30,2,2,50,0.0007092952728271484
268,network_3407.gr,network_3407.gr,63,63,30,30,2,2,0,0.00043201446533203125
269,network_3407.gr,network_5211.gr,63,63,30,30,2,2,50,0.0008449554443359375
270,network_3407.gr,network_1335.gr,63,63,30,30,2,2,45,0.0009744167327880859
271,network_3407.gr,network_19746.gr,63,103,30,30,2,22,79,0.003942966461181641
272,network_2638.gr,network_2501.gr,63,63,28,28,4,4,53,0.0006241798400878906
273,network_2638.gr,network_2513.gr,63,63,28,28,4,4,57,0.0008757114410400391
274,network_2638.gr,network_2638.gr,63,63,28,28,4,4,0,0.00023293495178222656
275,network_2638.gr,network_16888.gr,63,103,28,28,4,24,76,0.21389985084533691
276,network_2638.gr,network_2725.gr,63,63,28,28,4,4,52,0.00035834312438964844
277,network_2638.gr,network_5183.gr,63,63,28,28,4,4,54,0.0008189678192138672
278,network_4240.gr,network_4240.gr,63,63,27,27,5,5,0,0.0003170967102050781
279,network_4240.gr,network_1884.gr,63,63,27,27,5,5,61,0.0006463527679443359
280,network_4240.gr,network_208.gr,63,63,27,27,5,5,56,0.0011019706726074219
281,network_4240.gr,network_1603.gr,63,63,27,27,5,5,54,0.0062067508697509766
282,network_4240.gr,network_5945.gr,63,63,27,27,5,5,59,0.0006480216979980469
283,network_16124.gr,network_15778.gr,103,103,46,46,6,6,89,0.0009381771087646484
284,network_16124.gr,network_16467.gr,103,103,46,46,6,6,86,0.0023124217987060547
285,network_16124.gr,network_16124.gr,103,103,46,46,6,6,0,0.0006806850433349609
286,network_16124.gr,network_16066.gr,103,103,46,46,6,6,88,0.0019783973693847656
287,network_16124.gr,network_14377.gr,103,103,46,46,6,6,88,0.0013980865478515625
288,network_16124.gr,network_13167.gr,103,103,46,46,6,6,88,0.0010356903076171875
289,network_16124.gr,network_11883.gr,103,103,46,46,6,6,87,0.0013706684112548828
290,network_11843.gr,network_15438.gr,103,103,50,50,2,2,86,0.0012853145599365234
291,network_11843.gr,network_11843.gr,103,103,50,50,2,2,0,0.0005071163177490234
292,network_11843.gr,network_12997.gr,103,103,50,50,2,2,91,0.0006680488586425781
293,network_11843.gr,network_11455.gr,103,103,50,50,2,2,82,0.0005671977996826172
294,network_11843.gr,network_14263.gr,103,103,50,50,2,2,87,0.0006325244903564453
295,network_11843.gr,network_13408.gr,103,103,50,50,2,2,87,0.0005297660827636719
296,network_6061.gr,network_5745.gr,63,63,25,25,7,7,53,0.001277923583984375
297,network_6061.gr,network_10292.gr,63,63,25,25,7,7,60,0.005671977996826172
298,network_6061.gr,network_6061.gr,63,63,25,25,7,7,0,0.0002949237823486328
299,network_6061.gr,network_6539.gr,63,63,25,25,7,7,53,0.007614612579345703
300,network_6061.gr,network_685.gr,63,63,25,25,7,7,61,0.002547740936279297
301,network_6061.gr,network_2057.gr,63,63,25,25,7,7,53,0.002690553665161133
302,network_6061.gr,network_7632.gr,63,63,25,25,7,7,60,0.0008935928344726562
303,network_6061.gr,network_6254.gr,63,63,25,25,7,7,59,0.0018591880798339844
304,network_12032.gr,network_15779.gr,103,103,44,44,8,8,89,0.008125066757202148
305,network_12032.gr,network_12032.gr,103,103,44,44,8,8,0,0.0006225109100341797
306,network_12032.gr,network_14702.gr,103,103,44,44,8,8,95,0.02000594139099121
307,network_12032.gr,network_19620.gr,103,103,44,44,8,8,94,0.014844179153442383
308,network_20072.gr,network_19953.gr,103,103,39,39,13,13,107,0.4697532653808594
309,network_20072.gr,network_21163.gr,103,103,39,39,13,13,104,0.11624360084533691
310,network_20072.gr,network_17471.gr,103,103,39,39,13,13,102,0.02701401710510254
311,network_20072.gr,network_20072.gr,103,103,39,39,13,13,0,0.0003848075866699219
312,network_20072.gr,network_15242.gr,103,103,39,39,13,13,101,0.057474613189697266
313,network_20072.gr,network_19152.gr,103,103,39,39,13,13,103,0.11193013191223145
314,network_20072.gr,network_17438.gr,103,103,39,39,13,13,104,0.9870188236236572
315,network_18601.gr,network_18601.gr,103,103,34,34,18,18,0,0.0004527568817138672
316,network_12068.gr,network_12016.gr,103,103,45,45,7,7,89,0.002192974090576172
317,network_12068.gr,network_12068.gr,103,103,45,45,7,7,0,0.0004775524139404297
318,network_12068.gr,network_16379.gr,103,103,45,45,7,7,96,0.002734661102294922
319,network_12068.gr,network_15733.gr,103,103,45,45,7,7,88,0.008501529693603516
320,network_12068.gr,network_15632.gr,103,103,45,45,7,7,89,0.018224239349365234
321,network_12068.gr,network_11006.gr,103,103,45,45,7,7,92,0.0023190975189208984
322,network_12068.gr,network_16065.gr,103,103,45,45,7,7,92,0.0009427070617675781
323,network_12068.gr,network_13287.gr,103,103,45,45,7,7,96,0.016797780990600586
324,network_16271.gr,network_16201.gr,103,103,47,47,5,5,92,0.0023908615112304688
325,network_16271.gr,network_14333.gr,103,103,47,47,5,5,94,0.0009458065032958984
326,network_16271.gr,network_16271.gr,103,103,47,47,5,5,0,0.0003426074981689453
327,network_16271.gr,network_12996.gr,103,103,47,47,5,5,87,0.008621931076049805
328,network_16271.gr,network_14450.gr,103,103,47,47,5,5,89,0.004388570785522461
329,network_16271.gr,network_15308.gr,103,103,47,47,5,5,89,0.0011556148529052734
330,network_16271.gr,network_15735.gr,103,103,47,47,5,5,97,0.0009438991546630859
331,network_12996.gr,network_16201.gr,103,103,47,47,5,5,89,0.02041912078857422
332,network_12996.gr,network_14333.gr,103,103,47,47,5,5,89,0.00499415397644043
333,network_12996.gr,network_16271.gr,103,103,47,47,5,5,87,0.011444568634033203
334,network_12996.gr,network_12996.gr,103,103,47,47,5,5,0,0.0005166530609130859
335,network_12996.gr,network_14450.gr,103,103,47,47,5,5,81,0.007915019989013672
336,network_12996.gr,network_15308.gr,103,103,47,47,5,5,94,0.004980564117431641
337,network_12996.gr,network_15735.gr,103,103,47,47,5,5,91,0.002354145050048828
338,network_20770.gr,network_20720.gr,103,103,37,37,15,15,106,0.4882230758666992
339,network_20770.gr,network_18886.gr,103,103,37,37,15,15,104,0.031029701232910156
340,network_20770.gr,network_20770.gr,103,103,37,37,15,15,0,0.00039649009704589844
341,network_20770.gr,network_21002.gr,103,103,37,37,15,15,102,0.05599498748779297
342,network_20770.gr,network_17768.gr,103,103,37,37,15,15,97,4.9044272899627686
343,network_20770.gr,network_20925.gr,103,103,37,37,15,15,103,0.1383836269378662
344,network_20770.gr,network_17955.gr,103,103,37,37,15,15,103,0.0711214542388916
345,network_18857.gr,network_18857.gr,103,103,36,36,16,16,0,0.0007536411285400391
346,network_18857.gr,network_20433.gr,103,103,36,36,16,16,103,1.35343599319458
347,network_18857.gr,network_20781.gr,103,103,36,36,16,16,103,0.14488577842712402
348,network_18857.gr,network_20229.gr,103,103,36,36,16,16,102,0.0289766788482666
349,network_16379.gr,network_12016.gr,103,103,45,45,7,7,89,0.004504203796386719
350,network_16379.gr,network_12068.gr,103,103,45,45,7,7,96,0.002245664596557617
351,network_16379.gr,network_16379.gr,103,103,45,45,7,7,0,0.0007073879241943359
352,network_16379.gr,network_15733.gr,103,103,45,45,7,7,90,0.0041196346282958984
353,network_16379.gr,network_15632.gr,103,103,45,45,7,7,93,0.008851766586303711
354,network_16379.gr,network_11006.gr,103,103,45,45,7,7,88,0.0043485164642333984
355,network_16379.gr,network_16065.gr,103,103,45,45,7,7,91,0.002394437789916992
356,network_16379.gr,network_13287.gr,103,103,45,45,7,7,92,0.00529932975769043
357,network_4244.gr,network_4244.gr,63,63,26,26,6,6,0,0.00032258033752441406
358,network_4244.gr,network_5770.gr,63,63,26,26,6,6,48,0.0015230178833007812
359,network_4244.gr,network_10044.gr,63,63,26,26,6,6,56,0.001725912094116211
360,network_12997.gr,network_15438.gr,103,103,50,50,2,2,83,0.0010497570037841797
361,network_12997.gr,network_11843.gr,103,103,50,50,2,2,91,0.0005981922149658203
362,network_12997.gr,network_12997.gr,103,103,50,50,2,2,0,0.0003304481506347656
363,network_12997.gr,network_11455.gr,103,103,50,50,2,2,89,0.00060272216796875
364,network_12997.gr,network_14263.gr,103,103,50,50,2,2,80,0.0007441043853759766
365,network_12997.gr,network_13408.gr,103,103,50,50,2,2,89,0.0008633136749267578
366,network_14872.gr,network_15123.gr,103,103,48,48,4,4,89,0.0014951229095458984
367,network_14872.gr,network_14706.gr,103,103,48,48,4,4,89,0.0008585453033447266
368,network_14872.gr,network_11321.gr,103,103,48,48,4,4,79,0.0030727386474609375
369,network_14872.gr,network_14872.gr,103,103,48,48,4,4,0,0.001024484634399414
370,network_14872.gr,network_14516.gr,103,103,48,48,4,4,86,0.00600743293762207
371,network_14872.gr,network_15988.gr,103,103,48,48,4,4,93,0.0009777545928955078
372,network_14872.gr,network_13536.gr,103,103,48,48,4,4,88,0.002380847930908203
373,network_14872.gr,network_14217.gr,103,103,48,48,4,4,83,0.006224632263183594
374,network_14872.gr,network_13763.gr,103,103,48,48,4,4,93,0.0013580322265625
375,network_14872.gr,network_12275.gr,103,103,48,48,4,4,97,0.0012683868408203125
376,network_14872.gr,network_15195.gr,103,103,48,48,4,4,89,0.0022819042205810547
377,network_14872.gr,network_14213.gr,103,103,48,48,4,4,88,0.0007658004760742188
378,network_19918.gr,network_21959.gr,103,103,35,35,17,17,106,0.44359683990478516
379,network_19918.gr,network_19918.gr,103,103,35,35,17,17,0,0.0004062652587890625
380,network_19918.gr,network_17587.gr,103,103,35,35,17,17,101,1.9656002521514893
381,network_19918.gr,network_20898.gr,103,103,35,35,17,17,104,3.9647421836853027
382,network_19918.gr,network_20564.gr,103,103,35,35,17,17,103,16.942022562026978
383,network_10978.gr,network_6046.gr,63,63,21,21,11,11,65,0.045916080474853516
384,network_10978.gr,network_10978.gr,63,63,21,21,11,11,0,0.00034618377685546875
385,network_10978.gr,network_9460.gr,63,63,21,21,11,11,61,0.01557159423828125
386,network_10978.gr,network_6071.gr,63,63,21,21,11,11,61,0.1428983211517334
387,network_10978.gr,network_9061.gr,63,63,21,21,11,11,56,0.11719822883605957
388,network_6407.gr,network_9329.gr,63,63,22,22,10,10,55,0.018579959869384766
389,network_6407.gr,network_5777.gr,63,63,22,22,10,10,59,0.0022809505462646484
390,network_6407.gr,network_6342.gr,63,63,22,22,10,10,59,0.016480207443237305
391,network_6407.gr,network_6407.gr,63,63,22,22,10,10,0,0.0004258155822753906
392,network_6407.gr,network_7414.gr,63,63,22,22,10,10,58,0.016657590866088867
393,network_6407.gr,network_10922.gr,63,63,22,22,10,10,61,0.0029861927032470703
394,network_6407.gr,network_10879.gr,63,63,22,22,10,10,58,0.018195152282714844
395,network_6407.gr,network_9901.gr,63,63,22,22,10,10,61,0.013006925582885742
396,network_9383.gr,network_9383.gr,63,63,16,16,16,16,0,0.000354766845703125
397,network_10519.gr,network_10519.gr,63,63,18,18,14,14,0,0.00038123130798339844
398,network_15733.gr,network_12016.gr,103,103,45,45,7,7,87,0.012660980224609375
399,network_15733.gr,network_12068.gr,103,103,45,45,7,7,88,0.025827884674072266
400,network_15733.gr,network_16379.gr,103,103,45,45,7,7,90,0.00909113883972168
401,network_15733.gr,network_15733.gr,103,103,45,45,7,7,0,0.000919342041015625
402,network_15733.gr,network_15632.gr,103,103,45,45,7,7,83,0.04665398597717285
403,network_15733.gr,network_11006.gr,103,103,45,45,7,7,92,0.007761478424072266
404,network_15733.gr,network_16065.gr,103,103,45,45,7,7,91,0.0014979839324951172
405,network_15733.gr,network_13287.gr,103,103,45,45,7,7,99,0.0013535022735595703
406,network_20973.gr,network_5432.gr,103,63,31,31,21,1,74,0.0028297901153564453
407,network_20973.gr,network_1751.gr,103,63,31,31,21,1,70,0.007038116455078125
408,network_20973.gr,network_20973.gr,103,103,31,31,21,21,0,0.000484466552734375
409,network_14516.gr,network_15123.gr,103,103,48,48,4,4,84,0.0055141448974609375
410,network_14516.gr,network_14706.gr,103,103,48,48,4,4,88,0.001375436782836914
411,network_14516.gr,network_11321.gr,103,103,48,48,4,4,83,0.003222942352294922
412,network_14516.gr,network_14872.gr,103,103,48,48,4,4,86,0.0075724124908447266
413,network_14516.gr,network_14516.gr,103,103,48,48,4,4,0,0.0013203620910644531
414,network_14516.gr,network_15988.gr,103,103,48,48,4,4,88,0.001691579818725586
415,network_14516.gr,network_13536.gr,103,103,48,48,4,4,94,0.002978801727294922
416,network_14516.gr,network_14217.gr,103,103,48,48,4,4,79,0.014741897583007812
417,network_14516.gr,network_13763.gr,103,103,48,48,4,4,83,0.0025327205657958984
418,network_14516.gr,network_12275.gr,103,103,48,48,4,4,86,0.0024268627166748047
419,network_14516.gr,network_15195.gr,103,103,48,48,4,4,87,0.0025560855865478516
420,network_14516.gr,network_14213.gr,103,103,48,48,4,4,90,0.0018553733825683594
421,network_6539.gr,network_5745.gr,63,63,25,25,7,7,53,0.002975940704345703
422,network_6539.gr,network_10292.gr,63,63,25,25,7,7,58,0.005969047546386719
423,network_6539.gr,network_6061.gr,63,63,25,25,7,7,53,0.009381771087646484
424,network_6539.gr,network_6539.gr,63,63,25,25,7,7,0,0.00034999847412109375
425,network_6539.gr,network_685.gr,63,63,25,25,7,7,59,0.0034248828887939453
426,network_6539.gr,network_2057.gr,63,63,25,25,7,7,52,0.0021843910217285156
427,network_6539.gr,network_7632.gr,63,63,25,25,7,7,63,0.004138469696044922
428,network_6539.gr,network_6254.gr,63,63,25,25,7,7,58,0.001089334487915039
429,network_1884.gr,network_4240.gr,63,63,27,27,5,5,61,0.0006647109985351562
430,network_1884.gr,network_1884.gr,63,63,27,27,5,5,0,0.0005276203155517578
431,network_1884.gr,network_208.gr,63,63,27,27,5,5,57,0.0005102157592773438
432,network_1884.gr,network_1603.gr,63,63,27,27,5,5,53,0.0015537738800048828
433,network_1884.gr,network_5945.gr,63,63,27,27,5,5,58,0.00041604042053222656
434,network_18969.gr,network_21720.gr,103,103,38,38,14,14,100,0.03271961212158203
435,network_18969.gr,network_17507.gr,103,103,38,38,14,14,95,5.835504770278931
436,network_18969.gr,network_18969.gr,103,103,38,38,14,14,0,0.0004425048828125
437,network_20433.gr,network_18857.gr,103,103,36,36,16,16,103,1.0214931964874268
438,network_20433.gr,network_20433.gr,103,103,36,36,16,16,0,0.0004391670227050781
439,network_20433.gr,network_20781.gr,103,103,36,36,16,16,107,0.02962636947631836
440,network_20433.gr,network_20229.gr,103,103,36,36,16,16,107,0.05269789695739746
441,network_16888.gr,network_2501.gr,103,63,28,28,24,4,78,0.4247140884399414
442,network_16888.gr,network_2513.gr,103,63,28,28,24,4,79,0.8804495334625244
443,network_16888.gr,network_2638.gr,103,63,28,28,24,4,76,0.2067267894744873
444,network_16888.gr,network_16888.gr,103,103,28,28,24,24,0,0.0004076957702636719
445,network_16888.gr,network_2725.gr,103,63,28,28,24,4,79,0.10448360443115234
446,network_16888.gr,network_5183.gr,103,63,28,28,24,4,77,4.560863733291626
447,network_3715.gr,network_4900.gr,63,63,29,29,3,3,60,0.0004963874816894531
448,network_3715.gr,network_4906.gr,63,63,29,29,3,3,50,0.0007085800170898438
449,network_3715.gr,network_3715.gr,63,63,29,29,3,3,0,0.00024175643920898438
450,network_3715.gr,network_2335.gr,63,63,29,29,3,3,54,0.0007567405700683594
451,network_15242.gr,network_19953.gr,103,103,39,39,13,13,101,0.08025288581848145
452,network_15242.gr,network_21163.gr,103,103,39,39,13,13,97,0.009495258331298828
453,network_15242.gr,network_17471.gr,103,103,39,39,13,13,100,0.004165172576904297
454,network_15242.gr,network_20072.gr,103,103,39,39,13,13,101,0.060480356216430664
455,network_15242.gr,network_15242.gr,103,103,39,39,13,13,0,0.0003917217254638672
456,network_15242.gr,network_19152.gr,103,103,39,39,13,13,101,0.016041040420532227
457,network_15242.gr,network_17438.gr,103,103,39,39,13,13,102,0.06241321563720703
458,network_13264.gr,network_18786.gr,103,103,42,42,10,10,95,0.0038383007049560547
459,network_13264.gr,network_17969.gr,103,103,42,42,10,10,100,0.002103567123413086
460,network_13264.gr,network_19926.gr,103,103,42,42,10,10,91,0.013938426971435547
461,network_13264.gr,network_13264.gr,103,103,42,42,10,10,0,0.00045490264892578125
462,network_13264.gr,network_19521.gr,103,103,42,42,10,10,96,0.023195266723632812
463,network_19521.gr,network_18786.gr,103,103,42,42,10,10,99,0.0421452522277832
464,network_19521.gr,network_17969.gr,103,103,42,42,10,10,91,0.5757942199707031
465,network_19521.gr,network_19926.gr,103,103,42,42,10,10,100,0.04599595069885254
466,network_19521.gr,network_13264.gr,103,103,42,42,10,10,96,0.03175830841064453
467,network_19521.gr,network_19521.gr,103,103,42,42,10,10,0,0.0007574558258056641
468,network_5770.gr,network_4244.gr,63,63,26,26,6,6,48,0.008014917373657227
469,network_5770.gr,network_5770.gr,63,63,26,26,6,6,0,0.0005424022674560547
470,network_5770.gr,network_10044.gr,63,63,26,26,6,6,58,0.0012412071228027344
471,network_5211.gr,network_2544.gr,63,63,30,30,2,2,46,0.0009112358093261719
472,network_5211.gr,network_2273.gr,63,63,30,30,2,2,46,0.0007839202880859375
473,network_5211.gr,network_3407.gr,63,63,30,30,2,2,50,0.0007488727569580078
474,network_5211.gr,network_5211.gr,63,63,30,30,2,2,0,0.0004642009735107422
475,network_5211.gr,network_1335.gr,63,63,30,30,2,2,47,0.0008418560028076172
476,network_5211.gr,network_19746.gr,63,103,30,30,2,22,81,0.011246442794799805
477,network_15988.gr,network_15123.gr,103,103,48,48,4,4,90,0.0015797615051269531
478,network_15988.gr,network_14706.gr,103,103,48,48,4,4,91,0.0009748935699462891
479,network_15988.gr,network_11321.gr,103,103,48,48,4,4,87,0.0016064643859863281
480,network_15988.gr,network_14872.gr,103,103,48,48,4,4,93,0.0013549327850341797
481,network_15988.gr,network_14516.gr,103,103,48,48,4,4,88,0.002084970474243164
482,network_15988.gr,network_15988.gr,103,103,48,48,4,4,0,0.0007526874542236328
483,network_15988.gr,network_13536.gr,103,103,48,48,4,4,100,0.0010263919830322266
484,network_15988.gr,network_14217.gr,103,103,48,48,4,4,85,0.008178949356079102
485,network_15988.gr,network_13763.gr,103,103,48,48,4,4,78,0.0007979869842529297
486,network_15988.gr,network_12275.gr,103,103,48,48,4,4,84,0.0005910396575927734
487,network_15988.gr,network_15195.gr,103,103,48,48,4,4,89,0.0013942718505859375
488,network_15988.gr,network_14213.gr,103,103,48,48,4,4,79,0.00308990478515625
489,network_20781.gr,network_18857.gr,103,103,36,36,16,16,103,0.2977139949798584
490,network_20781.gr,network_20433.gr,103,103,36,36,16,16,107,0.05065035820007324
491,network_20781.gr,network_20781.gr,103,103,36,36,16,16,0,0.0008451938629150391
492,network_20781.gr,network_20229.gr,103,103,36,36,16,16,105,0.0420835018157959
493,network_20229.gr,network_18857.gr,103,103,36,36,16,16,102,0.04505205154418945
494,network_20229.gr,network_20433.gr,103,103,36,36,16,16,107,0.09523153305053711
495,network_20229.gr,network_20781.gr,103,103,36,36,16,16,105,0.028331756591796875
496,network_20229.gr,network_20229.gr,103,103,36,36,16,16,0,0.0008254051208496094
497,network_16066.gr,network_15778.gr,103,103,46,46,6,6,87,0.0017905235290527344
498,network_16066.gr,network_16467.gr,103,103,46,46,6,6,96,0.002466917037963867
499,network_16066.gr,network_16124.gr,103,103,46,46,6,6,88,0.0026092529296875
500,network_16066.gr,network_16066.gr,103,103,46,46,6,6,0,0.0006964206695556641
501,network_16066.gr,network_14377.gr,103,103,46,46,6,6,94,0.002435445785522461
502,network_16066.gr,network_13167.gr,103,103,46,46,6,6,86,0.004935741424560547
503,network_16066.gr,network_11883.gr,103,103,46,46,6,6,89,0.004789829254150391
504,network_14702.gr,network_15779.gr,103,103,44,44,8,8,98,0.004848480224609375
505,network_14702.gr,network_12032.gr,103,103,44,44,8,8,95,0.029994726181030273
506,network_14702.gr,network_14702.gr,103,103,44,44,8,8,0,0.0005023479461669922
507,network_14702.gr,network_19620.gr,103,103,44,44,8,8,95,0.012064218521118164
508,network_685.gr,network_5745.gr,63,63,25,25,7,7,62,0.0033566951751708984
509,network_685.gr,network_10292.gr,63,63,25,25,7,7,55,0.002379894256591797
510,network_685.gr,network_6061.gr,63,63,25,25,7,7,61,0.003187894821166992
511,network_685.gr,network_6539.gr,63,63,25,25,7,7,59,0.0014882087707519531
512,network_685.gr,network_685.gr,63,63,25,25,7,7,0,0.00032591819763183594
513,network_685.gr,network_2057.gr,63,63,25,25,7,7,58,0.0008015632629394531
514,network_685.gr,network_7632.gr,63,63,25,25,7,7,61,0.002707242965698242
515,network_685.gr,network_6254.gr,63,63,25,25,7,7,60,0.001497030258178711
516,network_2725.gr,network_2501.gr,63,63,28,28,4,4,53,0.0007205009460449219
517,network_2725.gr,network_2513.gr,63,63,28,28,4,4,52,0.0009503364562988281
518,network_2725.gr,network_2638.gr,63,63,28,28,4,4,52,0.0008661746978759766
519,network_2725.gr,network_16888.gr,63,103,28,28,4,24,79,0.13161087036132812
520,network_2725.gr,network_2725.gr,63,63,28,28,4,4,0,0.000377655029296875
521,network_2725.gr,network_5183.gr,63,63,28,28,4,4,60,0.0012459754943847656
522,network_13536.gr,network_15123.gr,103,103,48,48,4,4,92,0.0015146732330322266
523,network_13536.gr,network_14706.gr,103,103,48,48,4,4,93,0.004569530487060547
524,network_13536.gr,network_11321.gr,103,103,48,48,4,4,87,0.003556966781616211
525,network_13536.gr,network_14872.gr,103,103,48,48,4,4,88,0.003699064254760742
526,network_13536.gr,network_14516.gr,103,103,48,48,4,4,94,0.0024271011352539062
527,network_13536.gr,network_15988.gr,103,103,48,48,4,4,100,0.0007374286651611328
528,network_13536.gr,network_13536.gr,103,103,48,48,4,4,0,0.00048732757568359375
529,network_13536.gr,network_14217.gr,103,103,48,48,4,4,96,0.0022552013397216797
530,network_13536.gr,network_13763.gr,103,103,48,48,4,4,94,0.0009410381317138672
531,network_13536.gr,network_12275.gr,103,103,48,48,4,4,98,0.000919342041015625
532,network_13536.gr,network_15195.gr,103,103,48,48,4,4,91,0.0013942718505859375
533,network_13536.gr,network_14213.gr,103,103,48,48,4,4,98,0.0009074211120605469
534,network_21787.gr,network_13858.gr,103,103,43,43,9,9,101,0.004400491714477539
535,network_21787.gr,network_12063.gr,103,103,43,43,9,9,99,0.009545326232910156
536,network_21787.gr,network_21787.gr,103,103,43,43,9,9,0,0.00048041343688964844
537,network_14217.gr,network_15123.gr,103,103,48,48,4,4,91,0.0025031566619873047
538,network_14217.gr,network_14706.gr,103,103,48,48,4,4,87,0.0013885498046875
539,network_14217.gr,network_11321.gr,103,103,48,48,4,4,83,0.0028629302978515625
540,network_14217.gr,network_14872.gr,103,103,48,48,4,4,83,0.005258321762084961
541,network_14217.gr,network_14516.gr,103,103,48,48,4,4,79,0.011921167373657227
542,network_14217.gr,network_15988.gr,103,103,48,48,4,4,85,0.007651090621948242
543,network_14217.gr,network_13536.gr,103,103,48,48,4,4,96,0.002560853958129883
544,network_14217.gr,network_14217.gr,103,103,48,48,4,4,0,0.0005939006805419922
545,network_14217.gr,network_13763.gr,103,103,48,48,4,4,88,0.003633260726928711
546,network_14217.gr,network_12275.gr,103,103,48,48,4,4,91,0.001501321792602539
547,network_14217.gr,network_15195.gr,103,103,48,48,4,4,90,0.004202365875244141
548,network_14217.gr,network_14213.gr,103,103,48,48,4,4,82,0.0017514228820800781
549,network_7414.gr,network_9329.gr,63,63,22,22,10,10,61,0.012285470962524414
550,network_7414.gr,network_5777.gr,63,63,22,22,10,10,61,0.0024182796478271484
551,network_7414.gr,network_6342.gr,63,63,22,22,10,10,65,0.006525993347167969
552,network_7414.gr,network_6407.gr,63,63,22,22,10,10,58,0.016936063766479492
553,network_7414.gr,network_7414.gr,63,63,22,22,10,10,0,0.0005128383636474609
554,network_7414.gr,network_10922.gr,63,63,22,22,10,10,61,0.007633209228515625
555,network_7414.gr,network_10879.gr,63,63,22,22,10,10,64,0.01861262321472168
556,network_7414.gr,network_9901.gr,63,63,22,22,10,10,65,0.010350227355957031
557,network_21002.gr,network_20720.gr,103,103,37,37,15,15,105,0.05781126022338867
558,network_21002.gr,network_18886.gr,103,103,37,37,15,15,102,0.024989843368530273
559,network_21002.gr,network_20770.gr,103,103,37,37,15,15,102,0.0967099666595459
560,network_21002.gr,network_21002.gr,103,103,37,37,15,15,0,0.0007102489471435547
561,network_21002.gr,network_17768.gr,103,103,37,37,15,15,99,1.307037591934204
562,network_21002.gr,network_20925.gr,103,103,37,37,15,15,96,0.07883977890014648
563,network_21002.gr,network_17955.gr,103,103,37,37,15,15,102,0.02657175064086914
564,network_9460.gr,network_6046.gr,63,63,21,21,11,11,61,0.017836570739746094
565,network_9460.gr,network_10978.gr,63,63,21,21,11,11,61,0.012900829315185547
566,network_9460.gr,network_9460.gr,63,63,21,21,11,11,0,0.0005924701690673828
567,network_9460.gr,network_6071.gr,63,63,21,21,11,11,61,0.0684051513671875
568,network_9460.gr,network_9061.gr,63,63,21,21,11,11,60,0.017564058303833008
569,network_1962.gr,network_16.gr,63,63,32,32,0,0,48,0.0007770061492919922
570,network_1962.gr,network_4933.gr,63,63,32,32,0,0,46,0.000568389892578125
571,network_1962.gr,network_1962.gr,63,63,32,32,0,0,0,0.0003635883331298828
572,network_1962.gr,network_874.gr,63,63,32,32,0,0,52,0.0005159378051757812
573,network_14377.gr,network_15778.gr,103,103,46,46,6,6,95,0.0016896724700927734
574,network_14377.gr,network_16467.gr,103,103,46,46,6,6,94,0.0014801025390625
575,network_14377.gr,network_16124.gr,103,103,46,46,6,6,88,0.0020525455474853516
576,network_14377.gr,network_16066.gr,103,103,46,46,6,6,94,0.0017015933990478516
577,network_14377.gr,network_14377.gr,103,103,46,46,6,6,0,0.00041961669921875
578,network_14377.gr,network_13167.gr,103,103,46,46,6,6,90,0.0010752677917480469
579,network_14377.gr,network_11883.gr,103,103,46,46,6,6,91,0.002972126007080078
580,network_10044.gr,network_4244.gr,63,63,26,26,6,6,56,0.0019080638885498047
581,network_10044.gr,network_5770.gr,63,63,26,26,6,6,58,0.0006136894226074219
582,network_10044.gr,network_10044.gr,63,63,26,26,6,6,0,0.0003554821014404297
583,network_1335.gr,network_2544.gr,63,63,30,30,2,2,51,0.0005307197570800781
584,network_1335.gr,network_2273.gr,63,63,30,30,2,2,51,0.0003502368927001953
585,network_1335.gr,network_3407.gr,63,63,30,30,2,2,45,0.0006873607635498047
586,network_1335.gr,network_5211.gr,63,63,30,30,2,2,47,0.0004849433898925781
587,network_1335.gr,network_1335.gr,63,63,30,30,2,2,0,0.00025010108947753906
588,network_1335.gr,network_19746.gr,63,103,30,30,2,22,83,0.0030596256256103516
589,network_6188.gr,network_10691.gr,63,63,20,20,12,12,62,0.004995584487915039
590,network_6188.gr,network_6188.gr,63,63,20,20,12,12,0,0.0003669261932373047
591,network_6188.gr,network_9235.gr,63,63,20,20,12,12,59,0.014146804809570312
592,network_8410.gr,network_8410.gr,63,63,23,23,9,9,0,0.00032258033752441406
593,network_8410.gr,network_8587.gr,63,63,23,23,9,9,60,0.0032722949981689453
594,network_20435.gr,network_21851.gr,103,103,40,40,12,12,98,0.004241943359375
595,network_20435.gr,network_19966.gr,103,103,40,40,12,12,107,0.001489400863647461
596,network_20435.gr,network_16878.gr,103,103,40,40,12,12,96,0.0035293102264404297
597,network_20435.gr,network_20435.gr,103,103,40,40,12,12,0,0.0007052421569824219
598,network_18546.gr,network_19083.gr,103,103,41,41,11,11,101,0.286832332611084
599,network_18546.gr,network_18546.gr,103,103,41,41,11,11,0,0.0004088878631591797
600,network_13763.gr,network_15123.gr,103,103,48,48,4,4,86,0.0016088485717773438
601,network_13763.gr,network_14706.gr,103,103,48,48,4,4,86,0.0009083747863769531
602,network_13763.gr,network_11321.gr,103,103,48,48,4,4,93,0.0013804435729980469
603,network_13763.gr,network_14872.gr,103,103,48,48,4,4,93,0.0012655258178710938
604,network_13763.gr,network_14516.gr,103,103,48,48,4,4,83,0.0018045902252197266
605,network_13763.gr,network_15988.gr,103,103,48,48,4,4,78,0.0008187294006347656
606,network_13763.gr,network_13536.gr,103,103,48,48,4,4,94,0.001003265380859375
607,network_13763.gr,network_14217.gr,103,103,48,48,4,4,88,0.0026590824127197266
608,network_13763.gr,network_13763.gr,103,103,48,48,4,4,0,0.00035071372985839844
609,network_13763.gr,network_12275.gr,103,103,48,48,4,4,85,0.0007381439208984375
610,network_13763.gr,network_15195.gr,103,103,48,48,4,4,79,0.0015249252319335938
611,network_13763.gr,network_14213.gr,103,103,48,48,4,4,92,0.0006883144378662109
612,network_19152.gr,network_19953.gr,103,103,39,39,13,13,98,0.27719664573669434
613,network_19152.gr,network_21163.gr,103,103,39,39,13,13,106,0.028364181518554688
614,network_19152.gr,network_17471.gr,103,103,39,39,13,13,103,0.008630037307739258
615,network_19152.gr,network_20072.gr,103,103,39,39,13,13,103,0.11923909187316895
616,network_19152.gr,network_15242.gr,103,103,39,39,13,13,101,0.018806934356689453
617,network_19152.gr,network_19152.gr,103,103,39,39,13,13,0,0.0003936290740966797
618,network_19152.gr,network_17438.gr,103,103,39,39,13,13,105,0.24408316612243652
619,network_2057.gr,network_5745.gr,63,63,25,25,7,7,53,0.0033957958221435547
620,network_2057.gr,network_10292.gr,63,63,25,25,7,7,56,0.0008122920989990234
621,network_2057.gr,network_6061.gr,63,63,25,25,7,7,53,0.004587650299072266
622,network_2057.gr,network_6539.gr,63,63,25,25,7,7,52,0.00138092041015625
623,network_2057.gr,network_685.gr,63,63,25,25,7,7,58,0.0005805492401123047
624,network_2057.gr,network_2057.gr,63,63,25,25,7,7,0,0.0002493858337402344
625,network_2057.gr,network_7632.gr,63,63,25,25,7,7,60,0.0013661384582519531
626,network_2057.gr,network_6254.gr,63,63,25,25,7,7,60,0.000640869140625
627,network_14450.gr,network_16201.gr,103,103,47,47,5,5,90,0.009461164474487305
628,network_14450.gr,network_14333.gr,103,103,47,47,5,5,91,0.002581357955932617
629,network_14450.gr,network_16271.gr,103,103,47,47,5,5,89,0.002528667449951172
630,network_14450.gr,network_12996.gr,103,103,47,47,5,5,81,0.007996082305908203
631,network_14450.gr,network_14450.gr,103,103,47,47,5,5,0,0.0009300708770751953
632,network_14450.gr,network_15308.gr,103,103,47,47,5,5,91,0.0030875205993652344
633,network_14450.gr,network_15735.gr,103,103,47,47,5,5,92,0.0016007423400878906
634,network_7632.gr,network_5745.gr,63,63,25,25,7,7,59,0.011199951171875
635,network_7632.gr,network_10292.gr,63,63,25,25,7,7,60,0.001890420913696289
636,network_7632.gr,network_6061.gr,63,63,25,25,7,7,60,0.0010027885437011719
637,network_7632.gr,network_6539.gr,63,63,25,25,7,7,63,0.004855155944824219
638,network_7632.gr,network_685.gr,63,63,25,25,7,7,61,0.0017642974853515625
639,network_7632.gr,network_2057.gr,63,63,25,25,7,7,60,0.0019989013671875
640,network_7632.gr,network_7632.gr,63,63,25,25,7,7,0,0.0002930164337158203
641,network_7632.gr,network_6254.gr,63,63,25,25,7,7,65,0.0010759830474853516
642,network_11455.gr,network_15438.gr,103,103,50,50,2,2,84,0.0008594989776611328
643,network_11455.gr,network_11843.gr,103,103,50,50,2,2,82,0.0005517005920410156
644,network_11455.gr,network_12997.gr,103,103,50,50,2,2,89,0.0007100105285644531
645,network_11455.gr,network_11455.gr,103,103,50,50,2,2,0,0.00041365623474121094
646,network_11455.gr,network_14263.gr,103,103,50,50,2,2,87,0.0008006095886230469
647,network_11455.gr,network_13408.gr,103,103,50,50,2,2,89,0.0006105899810791016
648,network_14263.gr,network_15438.gr,103,103,50,50,2,2,87,0.0010104179382324219
649,network_14263.gr,network_11843.gr,103,103,50,50,2,2,87,0.0006272792816162109
650,network_14263.gr,network_12997.gr,103,103,50,50,2,2,80,0.0011072158813476562
651,network_14263.gr,network_11455.gr,103,103,50,50,2,2,87,0.0008244514465332031
652,network_14263.gr,network_14263.gr,103,103,50,50,2,2,0,0.00034737586975097656
653,network_14263.gr,network_13408.gr,103,103,50,50,2,2,92,0.0006346702575683594
654,network_9235.gr,network_10691.gr,63,63,20,20,12,12,64,0.008884906768798828
655,network_9235.gr,network_6188.gr,63,63,20,20,12,12,59,0.012369155883789062
656,network_9235.gr,network_9235.gr,63,63,20,20,12,12,0,0.00026917457580566406
657,network_19620.gr,network_15779.gr,103,103,44,44,8,8,97,0.003355741500854492
658,network_19620.gr,network_12032.gr,103,103,44,44,8,8,94,0.01593327522277832
659,network_19620.gr,network_14702.gr,103,103,44,44,8,8,95,0.00661778450012207
660,network_19620.gr,network_19620.gr,103,103,44,44,8,8,0,0.0003733634948730469
661,network_17768.gr,network_20720.gr,103,103,37,37,15,15,94,10.181697607040405
662,network_17768.gr,network_18886.gr,103,103,37,37,15,15,107,0.1385972499847412
663,network_17768.gr,network_20770.gr,103,103,37,37,15,15,97,5.074825286865234
664,network_17768.gr,network_21002.gr,103,103,37,37,15,15,99,1.185256004333496
665,network_17768.gr,network_17768.gr,103,103,37,37,15,15,0,0.0005233287811279297
666,network_17768.gr,network_20925.gr,103,103,37,37,15,15,98,4.866055727005005
667,network_17768.gr,network_17955.gr,103,103,37,37,15,15,99,2.636073350906372
668,network_10922.gr,network_9329.gr,63,63,22,22,10,10,62,0.0045185089111328125
669,network_10922.gr,network_5777.gr,63,63,22,22,10,10,66,0.0013132095336914062
670,network_10922.gr,network_6342.gr,63,63,22,22,10,10,62,0.011940240859985352
671,network_10922.gr,network_6407.gr,63,63,22,22,10,10,61,0.0017445087432861328
672,network_10922.gr,network_7414.gr,63,63,22,22,10,10,61,0.003448963165283203
673,network_10922.gr,network_10922.gr,63,63,22,22,10,10,0,0.0002777576446533203
674,network_10922.gr,network_10879.gr,63,63,22,22,10,10,65,0.006295442581176758
675,network_10922.gr,network_9901.gr,63,63,22,22,10,10,60,0.009382963180541992
676,network_10879.gr,network_9329.gr,63,63,22,22,10,10,63,0.003792285919189453
677,network_10879.gr,network_5777.gr,63,63,22,22,10,10,67,0.0005967617034912109
678,network_10879.gr,network_6342.gr,63,63,22,22,10,10,67,0.006015300750732422
679,network_10879.gr,network_6407.gr,63,63,22,22,10,10,58,0.020569801330566406
680,network_10879.gr,network_7414.gr,63,63,22,22,10,10,64,0.01407170295715332
681,network_10879.gr,network_10922.gr,63,63,22,22,10,10,65,0.006437063217163086
682,network_10879.gr,network_10879.gr,63,63,22,22,10,10,0,0.0002994537353515625
683,network_10879.gr,network_9901.gr,63,63,22,22,10,10,61,0.006133317947387695
684,network_12275.gr,network_15123.gr,103,103,48,48,4,4,90,0.0014159679412841797
685,network_12275.gr,network_14706.gr,103,103,48,48,4,4,95,0.0008170604705810547
686,network_12275.gr,network_11321.gr,103,103,48,48,4,4,93,0.0016016960144042969
687,network_12275.gr,network_14872.gr,103,103,48,48,4,4,97,0.0012159347534179688
688,network_12275.gr,network_14516.gr,103,103,48,48,4,4,86,0.002180814743041992
689,network_12275.gr,network_15988.gr,103,103,48,48,4,4,84,0.0012514591217041016
690,network_12275.gr,network_13536.gr,103,103,48,48,4,4,98,0.0011284351348876953
691,network_12275.gr,network_14217.gr,103,103,48,48,4,4,91,0.0017402172088623047
692,network_12275.gr,network_13763.gr,103,103,48,48,4,4,85,0.0010259151458740234
693,network_12275.gr,network_12275.gr,103,103,48,48,4,4,0,0.0004749298095703125
694,network_12275.gr,network_15195.gr,103,103,48,48,4,4,91,0.0014684200286865234
695,network_12275.gr,network_14213.gr,103,103,48,48,4,4,94,0.0011136531829833984
696,network_6254.gr,network_5745.gr,63,63,25,25,7,7,62,0.0019137859344482422
697,network_6254.gr,network_10292.gr,63,63,25,25,7,7,63,0.001300811767578125
698,network_6254.gr,network_6061.gr,63,63,25,25,7,7,59,0.0021038055419921875
699,network_6254.gr,network_6539.gr,63,63,25,25,7,7,58,0.0011239051818847656
700,network_6254.gr,network_685.gr,63,63,25,25,7,7,60,0.0008685588836669922
701,network_6254.gr,network_2057.gr,63,63,25,25,7,7,60,0.0004978179931640625
702,network_6254.gr,network_7632.gr,63,63,25,25,7,7,65,0.0014085769653320312
703,network_6254.gr,network_6254.gr,63,63,25,25,7,7,0,0.00032973289489746094
704,network_15308.gr,network_16201.gr,103,103,47,47,5,5,93,0.014990568161010742
705,network_15308.gr,network_14333.gr,103,103,47,47,5,5,89,0.0029397010803222656
706,network_15308.gr,network_16271.gr,103,103,47,47,5,5,89,0.0007216930389404297
707,network_15308.gr,network_12996.gr,103,103,47,47,5,5,94,0.0031824111938476562
708,network_15308.gr,network_14450.gr,103,103,47,47,5,5,91,0.002816438674926758
709,network_15308.gr,network_15308.gr,103,103,47,47,5,5,0,0.0004169940948486328
710,network_15308.gr,network_15735.gr,103,103,47,47,5,5,93,0.005601167678833008
711,network_19746.gr,network_2544.gr,103,63,30,30,22,2,83,0.015944242477416992
712,network_19746.gr,network_2273.gr,103,63,30,30,22,2,86,0.002966165542602539
713,network_19746.gr,network_3407.gr,103,63,30,30,22,2,79,0.004528999328613281
714,network_19746.gr,network_5211.gr,103,63,30,30,22,2,81,0.009263992309570312
715,network_19746.gr,network_1335.gr,103,63,30,30,22,2,83,0.0021529197692871094
716,network_19746.gr,network_19746.gr,103,103,30,30,22,22,0,0.0004742145538330078
717,network_13408.gr,network_15438.gr,103,103,50,50,2,2,89,0.0017206668853759766
718,network_13408.gr,network_11843.gr,103,103,50,50,2,2,87,0.0009217262268066406
719,network_13408.gr,network_12997.gr,103,103,50,50,2,2,89,0.0009739398956298828
720,network_13408.gr,network_11455.gr,103,103,50,50,2,2,89,0.0008466243743896484
721,network_13408.gr,network_14263.gr,103,103,50,50,2,2,92,0.0009179115295410156
722,network_13408.gr,network_13408.gr,103,103,50,50,2,2,0,0.0003619194030761719
723,network_7364.gr,network_8127.gr,63,63,24,24,8,8,66,0.0019152164459228516
724,network_7364.gr,network_8934.gr,63,63,24,24,8,8,67,0.0033006668090820312
725,network_7364.gr,network_7364.gr,63,63,24,24,8,8,0,0.0009131431579589844
726,network_15632.gr,network_12016.gr,103,103,45,45,7,7,88,0.006866455078125
727,network_15632.gr,network_12068.gr,103,103,45,45,7,7,89,0.023468017578125
728,network_15632.gr,network_16379.gr,103,103,45,45,7,7,93,0.008168220520019531
729,network_15632.gr,network_15733.gr,103,103,45,45,7,7,83,0.03920888900756836
730,network_15632.gr,network_15632.gr,103,103,45,45,7,7,0,0.0005252361297607422
731,network_15632.gr,network_11006.gr,103,103,45,45,7,7,91,0.010629653930664062
732,network_15632.gr,network_16065.gr,103,103,45,45,7,7,93,0.0028603076934814453
733,network_15632.gr,network_13287.gr,103,103,45,45,7,7,96,0.02640247344970703
734,network_208.gr,network_4240.gr,63,63,27,27,5,5,56,0.0008237361907958984
735,network_208.gr,network_1884.gr,63,63,27,27,5,5,57,0.00033855438232421875
736,network_208.gr,network_208.gr,63,63,27,27,5,5,0,0.0003218650817871094
737,network_208.gr,network_1603.gr,63,63,27,27,5,5,52,0.0011942386627197266
738,network_208.gr,network_5945.gr,63,63,27,27,5,5,51,0.0005707740783691406
739,network_17587.gr,network_21959.gr,103,103,35,35,17,17,108,0.1416158676147461
740,network_17587.gr,network_19918.gr,103,103,35,35,17,17,101,2.5950348377227783
741,network_17587.gr,network_17587.gr,103,103,35,35,17,17,0,0.0004572868347167969
742,network_17587.gr,network_20898.gr,103,103,35,35,17,17,108,2.5240609645843506
743,network_17587.gr,network_20564.gr,103,103,35,35,17,17,105,4.874223709106445
744,network_11006.gr,network_12016.gr,103,103,45,45,7,7,89,0.0019295215606689453
745,network_11006.gr,network_12068.gr,103,103,45,45,7,7,92,0.004274606704711914
746,network_11006.gr,network_16379.gr,103,103,45,45,7,7,88,0.005870819091796875
747,network_11006.gr,network_15733.gr,103,103,45,45,7,7,92,0.0056688785552978516
748,network_11006.gr,network_15632.gr,103,103,45,45,7,7,91,0.009714841842651367
749,network_11006.gr,network_11006.gr,103,103,45,45,7,7,0,0.0003592967987060547
750,network_11006.gr,network_16065.gr,103,103,45,45,7,7,92,0.0007679462432861328
751,network_11006.gr,network_13287.gr,103,103,45,45,7,7,89,0.004883289337158203
752,network_20898.gr,network_21959.gr,103,103,35,35,17,17,105,0.4867525100708008
753,network_20898.gr,network_19918.gr,103,103,35,35,17,17,104,4.719428539276123
754,network_20898.gr,network_17587.gr,103,103,35,35,17,17,108,2.301401376724243
755,network_20898.gr,network_20898.gr,103,103,35,35,17,17,0,0.000545501708984375
756,network_20898.gr,network_20564.gr,103,103,35,35,17,17,97,43.266730546951294
757,network_20925.gr,network_20720.gr,103,103,37,37,15,15,104,0.29567718505859375
758,network_20925.gr,network_18886.gr,103,103,37,37,15,15,105,0.006312847137451172
759,network_20925.gr,network_20770.gr,103,103,37,37,15,15,103,0.11876296997070312
760,network_20925.gr,network_21002.gr,103,103,37,37,15,15,96,0.0667111873626709
761,network_20925.gr,network_17768.gr,103,103,37,37,15,15,98,4.501966714859009
762,network_20925.gr,network_20925.gr,103,103,37,37,15,15,0,0.0005590915679931641
763,network_20925.gr,network_17955.gr,103,103,37,37,15,15,102,0.06502151489257812
764,network_6071.gr,network_6046.gr,63,63,21,21,11,11,69,0.04762697219848633
765,network_6071.gr,network_10978.gr,63,63,21,21,11,11,61,0.08886098861694336
766,network_6071.gr,network_9460.gr,63,63,21,21,11,11,61,0.04738593101501465
767,network_6071.gr,network_6071.gr,63,63,21,21,11,11,0,0.000270843505859375
768,network_6071.gr,network_9061.gr,63,63,21,21,11,11,63,0.17048072814941406
769,network_17955.gr,network_20720.gr,103,103,37,37,15,15,102,0.05647683143615723
770,network_17955.gr,network_18886.gr,103,103,37,37,15,15,108,0.008700370788574219
771,network_17955.gr,network_20770.gr,103,103,37,37,15,15,103,0.059227705001831055
772,network_17955.gr,network_21002.gr,103,103,37,37,15,15,102,0.019620418548583984
773,network_17955.gr,network_17768.gr,103,103,37,37,15,15,99,2.291907548904419
774,network_17955.gr,network_20925.gr,103,103,37,37,15,15,102,0.06510210037231445
775,network_17955.gr,network_17955.gr,103,103,37,37,15,15,0,0.0005993843078613281
776,network_2335.gr,network_4900.gr,63,63,29,29,3,3,60,0.0007250308990478516
777,network_2335.gr,network_4906.gr,63,63,29,29,3,3,54,0.0009870529174804688
778,network_2335.gr,network_3715.gr,63,63,29,29,3,3,54,0.0010983943939208984
779,network_2335.gr,network_2335.gr,63,63,29,29,3,3,0,0.0005443096160888672
780,network_15735.gr,network_16201.gr,103,103,47,47,5,5,93,0.0025856494903564453
781,network_15735.gr,network_14333.gr,103,103,47,47,5,5,90,0.004634380340576172
782,network_15735.gr,network_16271.gr,103,103,47,47,5,5,97,0.0010156631469726562
783,network_15735.gr,network_12996.gr,103,103,47,47,5,5,91,0.005791664123535156
784,network_15735.gr,network_14450.gr,103,103,47,47,5,5,92,0.006328582763671875
785,network_15735.gr,network_15308.gr,103,103,47,47,5,5,93,0.010994672775268555
786,network_15735.gr,network_15735.gr,103,103,47,47,5,5,0,0.0013604164123535156
787,network_8587.gr,network_8410.gr,63,63,23,23,9,9,60,0.004586935043334961
788,network_8587.gr,network_8587.gr,63,63,23,23,9,9,0,0.000408172607421875
789,network_17438.gr,network_19953.gr,103,103,39,39,13,13,101,2.2122201919555664
790,network_17438.gr,network_21163.gr,103,103,39,39,13,13,97,0.44669532775878906
791,network_17438.gr,network_17471.gr,103,103,39,39,13,13,100,1.061431646347046
792,network_17438.gr,network_20072.gr,103,103,39,39,13,13,104,1.037050724029541
793,network_17438.gr,network_15242.gr,103,103,39,39,13,13,102,0.06431937217712402
794,network_17438.gr,network_19152.gr,103,103,39,39,13,13,105,0.2456068992614746
795,network_17438.gr,network_17438.gr,103,103,39,39,13,13,0,0.0007178783416748047
796,network_9061.gr,network_6046.gr,63,63,21,21,11,11,63,0.010005950927734375
797,network_9061.gr,network_10978.gr,63,63,21,21,11,11,56,0.07371258735656738
798,network_9061.gr,network_9460.gr,63,63,21,21,11,11,60,0.011808633804321289
799,network_9061.gr,network_6071.gr,63,63,21,21,11,11,63,0.17548894882202148
800,network_9061.gr,network_9061.gr,63,63,21,21,11,11,0,0.0003516674041748047
801,network_1603.gr,network_4240.gr,63,63,27,27,5,5,54,0.0063593387603759766
802,network_1603.gr,network_1884.gr,63,63,27,27,5,5,53,0.0014967918395996094
803,network_1603.gr,network_208.gr,63,63,27,27,5,5,52,0.0009245872497558594
804,network_1603.gr,network_1603.gr,63,63,27,27,5,5,0,0.00023436546325683594
805,network_1603.gr,network_5945.gr,63,63,27,27,5,5,55,0.0014524459838867188
806,network_874.gr,network_16.gr,63,63,32,32,0,0,52,0.0005583763122558594
807,network_874.gr,network_4933.gr,63,63,32,32,0,0,46,0.00034427642822265625
808,network_874.gr,network_1962.gr,63,63,32,32,0,0,52,0.0003223419189453125
809,network_874.gr,network_874.gr,63,63,32,32,0,0,0,0.00026416778564453125
810,network_15195.gr,network_15123.gr,103,103,48,48,4,4,91,0.0015599727630615234
811,network_15195.gr,network_14706.gr,103,103,48,48,4,4,87,0.0012743473052978516
812,network_15195.gr,network_11321.gr,103,103,48,48,4,4,90,0.0033063888549804688
813,network_15195.gr,network_14872.gr,103,103,48,48,4,4,89,0.002597332000732422
814,network_15195.gr,network_14516.gr,103,103,48,48,4,4,87,0.0028455257415771484
815,network_15195.gr,network_15988.gr,103,103,48,48,4,4,89,0.0007655620574951172
816,network_15195.gr,network_13536.gr,103,103,48,48,4,4,91,0.0014126300811767578
817,network_15195.gr,network_14217.gr,103,103,48,48,4,4,90,0.003758668899536133
818,network_15195.gr,network_13763.gr,103,103,48,48,4,4,79,0.0018095970153808594
819,network_15195.gr,network_12275.gr,103,103,48,48,4,4,91,0.0012841224670410156
820,network_15195.gr,network_15195.gr,103,103,48,48,4,4,0,0.00032901763916015625
821,network_15195.gr,network_14213.gr,103,103,48,48,4,4,91,0.001356363296508789
822,network_16065.gr,network_12016.gr,103,103,45,45,7,7,87,0.0007555484771728516
823,network_16065.gr,network_12068.gr,103,103,45,45,7,7,92,0.0013346672058105469
824,network_16065.gr,network_16379.gr,103,103,45,45,7,7,91,0.003137350082397461
825,network_16065.gr,network_15733.gr,103,103,45,45,7,7,91,0.0009133815765380859
826,network_16065.gr,network_15632.gr,103,103,45,45,7,7,93,0.002251148223876953
827,network_16065.gr,network_11006.gr,103,103,45,45,7,7,92,0.0007250308990478516
828,network_16065.gr,network_16065.gr,103,103,45,45,7,7,0,0.000453948974609375
829,network_16065.gr,network_13287.gr,103,103,45,45,7,7,91,0.004261016845703125
830,network_20564.gr,network_21959.gr,103,103,35,35,17,17,102,1.9785709381103516
831,network_20564.gr,network_19918.gr,103,103,35,35,17,17,103,19.511858224868774
832,network_20564.gr,network_17587.gr,103,103,35,35,17,17,105,3.926612377166748
833,network_20564.gr,network_20898.gr,103,103,35,35,17,17,97,35.82930874824524
834,network_20564.gr,network_20564.gr,103,103,35,35,17,17,0,0.0004398822784423828
835,network_5945.gr,network_4240.gr,63,63,27,27,5,5,59,0.0007042884826660156
836,network_5945.gr,network_1884.gr,63,63,27,27,5,5,58,0.0004630088806152344
837,network_5945.gr,network_208.gr,63,63,27,27,5,5,51,0.0004093647003173828
838,network_5945.gr,network_1603.gr,63,63,27,27,5,5,55,0.0024487972259521484
839,network_5945.gr,network_5945.gr,63,63,27,27,5,5,0,0.0003669261932373047
840,network_13287.gr,network_12016.gr,103,103,45,45,7,7,92,0.002335786819458008
841,network_13287.gr,network_12068.gr,103,103,45,45,7,7,96,0.015857458114624023
842,network_13287.gr,network_16379.gr,103,103,45,45,7,7,92,0.00478816032409668
843,network_13287.gr,network_15733.gr,103,103,45,45,7,7,99,0.002022266387939453
844,network_13287.gr,network_15632.gr,103,103,45,45,7,7,96,0.017284393310546875
845,network_13287.gr,network_11006.gr,103,103,45,45,7,7,89,0.004639387130737305
846,network_13287.gr,network_16065.gr,103,103,45,45,7,7,91,0.0035521984100341797
847,network_13287.gr,network_13287.gr,103,103,45,45,7,7,0,0.0007219314575195312
848,network_13167.gr,network_15778.gr,103,103,46,46,6,6,91,0.0010912418365478516
849,network_13167.gr,network_16467.gr,103,103,46,46,6,6,90,0.0013797283172607422
850,network_13167.gr,network_16124.gr,103,103,46,46,6,6,88,0.0012485980987548828
851,network_13167.gr,network_16066.gr,103,103,46,46,6,6,86,0.0021233558654785156
852,network_13167.gr,network_14377.gr,103,103,46,46,6,6,90,0.0009877681732177734
853,network_13167.gr,network_13167.gr,103,103,46,46,6,6,0,0.0004374980926513672
854,network_13167.gr,network_11883.gr,103,103,46,46,6,6,85,0.0028121471405029297
855,network_12430.gr,network_13723.gr,103,103,49,49,3,3,83,0.0010709762573242188
856,network_12430.gr,network_12430.gr,103,103,49,49,3,3,0,0.0003979206085205078
857,network_11883.gr,network_15778.gr,103,103,46,46,6,6,88,0.0010063648223876953
858,network_11883.gr,network_16467.gr,103,103,46,46,6,6,89,0.0022690296173095703
859,network_11883.gr,network_16124.gr,103,103,46,46,6,6,87,0.0017480850219726562
860,network_11883.gr,network_16066.gr,103,103,46,46,6,6,89,0.0015397071838378906
861,network_11883.gr,network_14377.gr,103,103,46,46,6,6,91,0.0030574798583984375
862,network_11883.gr,network_13167.gr,103,103,46,46,6,6,85,0.002474069595336914
863,network_11883.gr,network_11883.gr,103,103,46,46,6,6,0,0.0003750324249267578
864,network_9901.gr,network_9329.gr,63,63,22,22,10,10,62,0.005144596099853516
865,network_9901.gr,network_5777.gr,63,63,22,22,10,10,63,0.001283407211303711
866,network_9901.gr,network_6342.gr,63,63,22,22,10,10,62,0.01074361801147461
867,network_9901.gr,network_6407.gr,63,63,22,22,10,10,61,0.008985280990600586
868,network_9901.gr,network_7414.gr,63,63,22,22,10,10,65,0.009147167205810547
869,network_9901.gr,network_10922.gr,63,63,22,22,10,10,60,0.01934957504272461
870,network_9901.gr,network_10879.gr,63,63,22,22,10,10,61,0.008496522903442383
871,network_9901.gr,network_9901.gr,63,63,22,22,10,10,0,0.0003991127014160156
872,network_14213.gr,network_15123.gr,103,103,48,48,4,4,90,0.001314401626586914
873,network_14213.gr,network_14706.gr,103,103,48,48,4,4,87,0.001146078109741211
874,network_14213.gr,network_11321.gr,103,103,48,48,4,4,89,0.0008504390716552734
875,network_14213.gr,network_14872.gr,103,103,48,48,4,4,88,0.0008034706115722656
876,network_14213.gr,network_14516.gr,103,103,48,48,4,4,90,0.001466512680053711
877,network_14213.gr,network_15988.gr,103,103,48,48,4,4,79,0.0008857250213623047
878,network_14213.gr,network_13536.gr,103,103,48,48,4,4,98,0.0007040500640869141
879,network_14213.gr,network_14217.gr,103,103,48,48,4,4,82,0.0009546279907226562
880,network_14213.gr,network_13763.gr,103,103,48,48,4,4,92,0.0006098747253417969
881,network_14213.gr,network_12275.gr,103,103,48,48,4,4,94,0.0005707740783691406
882,network_14213.gr,network_15195.gr,103,103,48,48,4,4,91,0.0009238719940185547
883,network_14213.gr,network_14213.gr,103,103,48,48,4,4,0,0.00032973289489746094
884,network_5183.gr,network_2501.gr,63,63,28,28,4,4,59,0.0015189647674560547
885,network_5183.gr,network_2513.gr,63,63,28,28,4,4,58,0.0008368492126464844
886,network_5183.gr,network_2638.gr,63,63,28,28,4,4,54,0.0007338523864746094
887,network_5183.gr,network_16888.gr,63,103,28,28,4,24,77,3.8995258808135986
888,network_5183.gr,network_2725.gr,63,63,28,28,4,4,60,0.0008480548858642578
889,network_5183.gr,network_5183.gr,63,63,28,28,4,4,0,0.0004673004150390625
